360手机卫士,114
only-self,82
QQ 2012,10
Sanlitun,6
优酷,5
UC浏览器iPhone版,5
酷狗音乐,5
WeChat!,5
美丽说-时尚女生逛淘宝必备,5
热门壁纸,4
Mole's World,4
Brothers In Arms® 2: Global Front Free+,4
Battery Doctor +,4
Brutal Street,4
一起来捡钱 免费版,4
PPS影音,3
Angry Birds Seasons,3
淘宝,3
语不惊人死不休,3
正点闹钟,3
ChinaTaxi,3
百思不得姐,3
微博 HD,3
Zoo World,3
QQ音乐,3
酷我音乐 2012,3
Qzone,3
网易新闻,3
Fruit Ninja Free,3
360ććşĺŤĺŁŤ,3
陌陌,3
随手记标准版 for iPhone,3
射雕英雄传之小破孩,2
Mew call,2
iHandy Flashlight Free,2
PPTV网络电视 HD,2
360电池医生,2
Escape The Ape,2
限时免费大全,2
Battery Doctor Pro - Max Your Battery Life,2
手机QQ浏览器,2
58同城,2
红袖添香女性小说,2
Wi-Fi免费通,2
Weico for Weibo,2
Flashlight •,2
啊!火箭,2
疯狂的棺材,2
殭屍農場,2
支付宝,2
Japan Life,2
导航犬2011,2
唯品会,2
搜狗输入板,2
健康闹钟,2
Apocalypse Knights - Endless Fighting with Blessed Weapons and Sacred Steeds,2
Swing Shot,2
Gold Crown™ Video Poker,2
SunnyPuppies,2
随手记专业版 for iPhone,2
高德导航HD Autonavi Navigation,2
Ultimate Fitness App,1
最后的兔纸,1
Chrome,1
书香云集Pro,1
AllRingtone,1
"Tic-Tac-Lock: Photos, Videos, Documents Secret Album in TacTacToe Game",1
Asphalt 7: Heat,1
PandaReader,1
Mole Kart I,1
Tap Tap Radiation,1
QQ邮箱,1
麻雀館 - 跑馬仔,1
Clear Vision (17+),1
乐视影视,1
EMPIRE WAR,1
A Spelling Treasure - Free,1
"UbiDisk: Download, Edit and Share Files Easily",1
Spot Venture Plus,1
起床资讯闹钟,1
好大夫在线,1
天气通,1
gay men's social network - Jack'd,1
Smart Office 2,1
Emojiđâ˝đIcons Free,1
Alexandria Bloodshow　,1
愤怒的金刚,1
Toy Defense,1
京东商城,1
Instagram,1
iSwap Faces LITE,1
Blux Movie,1
冷笑话集锦,1
眈眈,1
探索世界未解之谜,1
掌中新浪,1
Coin Push FREE,1
CSR Racing,1
人人,1
Lost Souls: Enchanted Paintings,1
罗马帝国,1
车内逃脱4 - BMW 1系谍影,1
Wallpapers ^_^,1
Inotia 3: Children of Carnia,1
"Leisure Factory:Sex,love and Laughter",1
No Zombies Allowed,1
开心水族箱,1
千山暮雪-言情小天后匪我思存重磅出击,1
iAlbumFree(Photo&Video encrypt),1
Texas Poker,1
Facebook,1
奇艺影视,1
TinyLegends - Crazy Knight,1
摄影部落HD,1
51信用卡管家,1
Calculator∔,1
一站到底,1
完美【50部】励志成功学精选（放飞梦想，走向成功）,1
"YY语音-听歌听课听直播,语音群聊随便说",1
Dungeon Hunter 3,1
Van Pershing,1
STREET FIGHTER IV VOLT,1
微博,1
My Data Manager,1
经典漫画30部(高清+免费),1
çžćä¸ĺžĺ§,1
梦芭莎,1
Flower Garden - Grow Flowers and Send Bouquets,1
糗事百科,1
超可爱免费计算器,1
蘑菇街团购——淘宝最给力折扣,1
Farm Story™,1
Office Assistant Pro - Full-Featured Mobile Office Suite,1
唯品会 唯品团,1
墨迹天气(官方),1
Snow Monkey,1
手机铃声(免费版),1
Tiny Journey,1
FotoRus (Formerly GifRus),1
熊猫打僵尸,1
触宝智能拨号,1
中国求生手册 - 捍卫食品安全 强壮中国人,1
Baccarat Free,1
火线指令,1
ĺžŽĺ HD,1
网易手机邮,1
Hero of Magic,1
24节气养生,1
Eternity Warriors,1
植物大战僵尸,1
TankForce!,1
海豚浏览器,1
小小忍者猫  精简版,1
Flight Tycoon™,1
Fish Hunter - All Blue Sea,1
Brain Lab II,1
红袖添香离线看,1
360防盗报警器,1
连连看,1
Shrek's Fairytale Kingdom,1
K歌达人免费版,1
EmojiđđđPlus - Best Emoji Keyboard!,1
QQ通讯录-最快最方便的通讯录,1
瘦身战争,1
课程表 · ClassTable,1
FIFA 12 by EA SPORTS,1
MotoHeroz,1
360口信,1
一周计划 · MyWeek - 有规律的生活方式,1
金山装机必备 - 每天推荐限时免费&装机必备应用,1
热门应用 for iPhone,1
食神摇摇,1
蘑菇街HD——淘宝精选，微博时尚,1
挖财记账理财,1
水浒艳传之征服潘金莲,1
Fake Text on Demand Free,1
Beat The Egg,1
Alarm Clock Master HD Free,1
Big Time Gangsta,1
SAMURAI BLOODSHOW+,1
Ice Age Village,1
Angry King Kong Deluxe,1
杀手,1
Kingdom Rush,1
QQ安全中心,1
百度地图,1
爱聊免费电话免费短信,1
Dollar Origami+,1
唱吧 - 你的手机KTV,1
欢乐联网炸金花,1
快拍二维码-条码比价,1
掌中天涯(官方版),1
金山快盘,1
Adventure Ball (Physics Game),1
ĺ¤Šć°é,1
360安全通讯录-拨号必备,1
节奏大师,1
Flashlight! ®,1
"Run, Run, Chicken",1
Stardom: The A-List,1
Douban.fm,1
ćč´˘čŽ°č´Śçč´˘,1
Google Search,1
农行手机银行,1
Bubble Shooter - Totally Addictive!,1
极品冷笑话图集,1
Swordigo,1
iSafePlay,1
Monster Shooter: The Lost Levels,1
My Safe Notes,1
Moments! - A Diary Entry to Frame Up Your Precious Moments,1
360ĺŽĺ¨éčŽŻĺ˝-ć¨ĺˇĺżĺ¤,1
驾考宝典,1
Puzzle Family PLUS,1
漂流瓶,1
Angry King Kong HD,1
飞信-中国移动官方出品,1
360云盘,1
爱帮公交,1
❤Alarm❤,1
蠢蛋秀™,1
精品限时免费,1
Just Pop It,1
Third Blade Free,1
Adventure Ball (Physics Game) Lite,1
搜狐视频 高清,1
