51信用卡管家,72
only-self,9
51账单,6
Mew call,5
百思不得姐,4
墨迹天气(官方),4
随手记专业版 for iPhone,4
PPS影音,3
淘宝,3
Toy Defense,3
手机租房宝,3
ZAKER,3
Draw Something Free,3
天朝教育委员会 LITE,3
火车票达人,2
万年历,2
Underpants Raccoon,2
51äżĄç¨ĺĄçŽĄĺŽś,2
愤怒的金刚,2
微博 HD,2
Battery Doctor Pro - Max Your Battery Life,2
三联生活周刊 for iPhone,2
Hero of Magic,2
神的指意,2
微博,2
China Air Pollution Index,2
酷狗音乐,2
Sanlitun,2
QQ 2012,2
红袖添香离线看,2
Haypi Dragon,2
导航犬2011,2
Ice Age Village,2
"微看电视-球赛直播,高清截图",2
Infinity Blade,2
Swing Shot,2
WeChat!,2
Moments! - A Diary Entry to Frame Up Your Precious Moments,2
Chrome,1
Pocket Planes,1
三国征途,1
Easy Ludo,1
EXTrace,1
Mission Sirius HD,1
同花顺HD,1
QQ星乐团,1
射雕英雄传之小破孩,1
Cool Race by Top Free Games,1
VIDA,1
"大师预测2012生肖运程-罗镇老师智慧之作,开启你的未来运势之门",1
1616通讯录同步助手,1
飞空冒险王,1
窝窝团-团购最低折,1
"Period Diary (Period, Fertile & Ovulation Tracker)",1
停车大师 3D iPad版,1
正点闹钟,1
急速下滑,1
iGoal2 Pro,1
ĺ¤Šçąçľĺ°,1
Spot Venture Plus,1
Birzzle Pandora,1
RISING WAR free,1
前程无忧,1
农历,1
TextPics,1
限时免费,1
装修助手,1
探索世界未解之谜,1
中国象棋大师,1
Gohan,1
商业价值,1
乐视影视,1
金蝶微博,1
听听-免费网络电台,1
中国求生手册 - 捍卫食品安全 强壮中国人,1
Evernote,1
Emoji Card for MMS,1
公交闹铃-公交地铁到站提醒全国离线版,1
ListenBuddha,1
限时免费大全,1
多多英语跟我说(第三季),1
限时免费HD,1
驾照考试通,1
Cardiograph,1
新版标准日本语移动课堂（初级上、下册）,1
兴业证券优理宝,1
萬年曆黃曆 Chinese calendar 藍鶴信息,1
Inotia 3: Children of Carnia,1
下厨房菜谱,1
高德导航HD Autonavi Navigation,1
Zoo World,1
EmojiđđđPlus - Best Emoji Keyboard!,1
éˇćéłäš 2012,1
天朝教育委员会,1
Mammoth4 Internet Browser,1
Zombie HQ,1
Tower Defense®,1
ZAKER 最流行阅读软件,1
Newsify,1
Ghost Sniper : Zombie,1
Temple Run,1
Dungeon Hunter 3,1
迅雷看看 HD,1
我查查-条码扫描比价-Wochacha,1
QQ梦想城,1
IM+ 中国版,1
Huofar Dailylife - Quality Lifestyle,1
Fotoable,1
iHandy Translator Free,1
支付宝,1
旅行翻译官完全版,1
ĺźĺżć°´ćçŽą,1
大家来数钱,1
Asphalt 6: Adrenaline,1
Reeder,1
凯立德移动导航系统 V8.3 声控版,1
Fruit Ninja,1
酷我音乐 2012,1
"流量监测仪(瓦力流量仪—实时监控提醒,上网必备)",1
Office Assistant Pro - Full-Featured Mobile Office Suite,1
金山快盘HD,1
背单词free,1
有道云笔记HD-自动同步，永久存储的记事、日记、备忘录、待办事项记录、日程管理、资料管理免费全能工具，超越网盘的云存储利器,1
360安全浏览器,1
çş˘č˘ćˇťéŚçŚťçşżç,1
音悦台,1
触宝智能拨号,1
挖财记账相机,1
Calculator X Free,1
疯狂的棺材,1
PPTV网络电视 HD,1
iCarBaby Free,1
赶集生活,1
Battery Doctor +,1
Galaxy Empire,1
Fruit Ninja Free,1
新黄金矿工:加勒比宝藏,1
Simply Ludo,1
民生信用卡,1
车内逃脱2 - 宝马3系,1
携程无线HD-机票.酒店.旅游.航班动态.天气.特价.HD,1
QQ通讯录-最快最方便的通讯录,1
Drag the Rope,1
求合体 HD,1
Brain Battle Show DeLuxe,1
▻Sudoku,1
Escape The Ape,1
团购大全-专业团购导航(团800出品),1
周公解梦,1
Virtual City HD (Full),1
äźéˇ,1
Tiny Piano,1
Antrim Escape 3,1
Penultimate,1
Where's My Water?,1
My Town 2,1
微游手机导游,1
金山装机必备 - 每天推荐限时免费&装机必备应用,1
热门应用 for iPhone,1
司机秘书,1
Sparrow,1
"Dongdong Mobile Pro - Hotel, Flight, Train Search",1
12星座人性攻略-精辟剖析众星座的经典性格,1
搜狗输入板,1
快递100-免费查快递,1
"iSafeBox - Password Protect Your Photos, Accounts, Etc",1
Sango Millionaire,1
Dream PetHouse,1
杀手,1
机器猫漫画-高清完整收藏版-儿童漫画,1
牛牛学指标,1
美食地图-找餐厅必备,1
优股雷达,1
PPSĺ˝ąéł,1
音速出击 TAP SONIC by Neowiz,1
奇迹之城,1
ĺ¤Šć°é,1
Japan Life,1
iFileExplorer - View and play all files!,1
QQ音乐,1
航班管家,1
一起来捡钱 免费版,1
Asphalt 6: Adrenaline HD,1
Douban.fm,1
Nike+ Running,1
豆瓣电影,1
手相大师,1
減肥食物庫@薄荷,1
Splashtop Remote Desktop for iPhone & iPod,1
SunnyPuppies,1
Epic War TD Pro,1
Palm Reader +,1
OvenBreak Skittles®,1
Jigsaw App,1
全国景点团购,1
中华万年历-日历 农历 天气 节日 日程,1
Heroes Call,1
搜狗地图,1
开心集品,1
The Sims™ 免费版,1
当当网,1
直播体育,1
360浏览器HD,1
搜狐视频 高清,1
