护肝计划,1
Tom's Love Letters,1
内涵段子,1
限时免费专业版,1
Lock 'n' Load,1
Beat the Beast HD,1
满座团购-随时随地优享好生活,1
决胜三国HD,1
Fruit Ninja,1
Where's My Water?,1
Crazy Caps,1
QQ星乐团,1
淘宝,1
礼拜六万年历,1
NoteLedge® Lite for iPad,1
百度音乐,1
Alexandria Bloodshow　,1
精致家居-8090后时尚创意家居总动员,1
Jungle Joe,1
Underpants Raccoon,1
东方财富通(炒股必备、永久免费),1
"Skout - Meet, Chat, Friend",1
飞空冒险王,1
起床资讯闹钟,1
Toy Defense HD Free,1
"Dongdong Mobile - Hotel, Flight, Train Search",1
虫虫部落,1
FBI教你读心术,1
限时免费,1
百度文库HD - 悦读越精彩,1
大家来数钱,1
用药助手HD版,1
随手记专业版 for  iPad,1
风云三国,1
QQ浏览器HD,1
Where's My Water? Free,1
GoNinja,1
FANTASYxRUNNERS,1
Mole Kart 1,1
口袋战争：魔界勇士 中文版,1
多多英语跟我说(第一季),1
QQ HD 2011,1
逛淘宝-口袋购物 发现惊喜,1
爱卡汽车,1
荷塘春色 免费,1
植物大战僵尸,1
Lost Souls: Enchanted Paintings,1
暴风影音HD,1
现代胎教必备HD,1
Zoo World,1
iAlbumFree(Photo&Video encrypt),1
UC浏览器iPhone版,1
QQ电影票(全国电影查询与优惠购票),1
旅行翻译官完全版,1
Talking Tom Cat 2,1
eReader by ZuiKong.com,1
Fling!,1
Calculator Easy HD,1
K歌达人HD免费版,1
Roll Eggs HD Full,1
网易公开课,1
Let's Golf! ® 3,1
新浪微盘 - 新浪官方出品,1
限时免费大全,1
Battery Doctor Pro - Max Your Battery Life,1
Find My iPhone,1
Crazy Formula,1
Cardiograph,1
Draw Something Free,1
Fitness for iPad,1
博雅斗地主(支持蓝牙),1
水呀水,1
财神来了,1
EMPIRE WAR for iPad,1
Bear War Online － Happy Holiday,1
Pocket Check-Up Lite,1
Discovr Apps - discover new apps,1
iGoBeat Mini,1
Train Conductor,1
Ringtone Master Pro,1
Great Solitaire HD,1
Juggernaut: Revenge of Sovering.,1
Mission Alarm Clock : All In One - Guaranteed to wake you up,1
Tui-Find great apps earlier,1
Fishdom H2O: Hidden Odyssey HD (Premium),1
Temple Run,1
Dungeon Hunter 3,1
酷应用 - 限时免费精品+装机必备推荐,1
我查查-条码扫描比价-Wochacha,1
个税计算器2011,1
360应用管家,1
海豚浏览器HD,1
天籁之音－放松、睡眠、减压、工作,1
堆糖精选,1
神的指意,1
58同城,1
ZENONIA® 4,1
AppZ - All in ONE Download NOW!!!,1
360手机卫士,1
Chicken Out!,1
犀利语录,1
大家来抢钱-2012HD,1
Pet Inn,1
MBAćşĺş,1
酷狗音乐,1
金山快盘HD,1
Weico for Weibo,1
"马头流量-让流量更省,让速度更快",1
佛经佛音大全,1
慢速VOA精华100篇 随身课堂,1
音悦台,1
iStory,1
Flashlight •,1
Order & Chaos© Online,1
Dead Rage: Prologue,1
Moments! - A Diary Entry to Frame Up Your Precious Moments,1
Battery Doctor Free,1
一站到底,1
红袖添香女性小说,1
Fishing Kings Free+,1
TankForce!,1
赶集生活,1
Ringtone Master,1
Texas Holdem Poker,1
GroupShot,1
Jenga,1
Timegg,1
Death Rally,1
Bravo Force: Last Stand,1
求合体 HD,1
Mini Motor Racing HD,1
VOA News - 2011 Collection Lite,1
Brutal Street,1
Live TV HD(free),1
24节气养生计划 高级版,1
"Google Apps Browser by G-Whizz! - The #1 Gmail, Talk, Facebook & Twitter Client + Lots More!",1
开放阅读器open reader,1
"新鲜视频－搞笑,雷人,性感,你身边的视频",1
Stylish Sprint,1
K歌达人,1
Super Mushrooms,1
Pirates vs Navy Deluxe,1
MiTalk Messenger,1
"Smart PDF - Create, Read & Manage",1
Huofar Dailylife - Quality Lifestyle,1
腾讯视频HD,1
i12306HD,1
LostWinds,1
糗事百科,1
杀手: 僵尸之城,1
12星座人性攻略-精辟剖析众星座的经典性格,1
Rail Maze,1
Roll Your Dice,1
爱汽车 (iAuto),1
Diamond Texas Poker,1
Air Vacation,1
Escape The Ape,1
Don Test,1
锋锋应用中心,1
Zynga Slots HD,1
挖段子 - 每日极品笑话，笑死人不偿命,1
有道词典HD,1
Mr.Ninja Lite,1
Wunderlist,1
唤龙世界,1
Pop Screen,1
掌中天涯(官方版),1
金山快盘,1
ZENONIA® 3.,1
三国塔防 - 魏传,1
QQ农场,1
iDaily Pro - the Best VOA News Reader,1
ZAKER,1
CrazyControl2 HD,1
iFileExplorer - View and play all files!,1
蠢蛋秀™,1
QQ音乐,1
掌上旺信,1
新浪UC,1
微格Pro-新浪微博客户端,1
墨迹天气HD,1
探索世界未解之谜,1
Stupidness 2,1
Douban.fm,1
春节短信 (兔年特别版）,1
黄大仙祠-摇签 占卜 供奉,1
米途订酒店,1
身材计算器!,1
Gold Crown™ Video Poker,1
24节气养生,1
小羊总动员 之 媚影危机,1
iAround-Chat with people nearly,1
全能归属地-来电必备,1
美丽说-时尚女生逛淘宝必备,1
中华万年历-日历 农历 天气 节日 日程,1
Panorama™,1
微格-新浪微博客户端,1
Spy Cams,1
口袋战争：魔界勇士HD中文版,1
çŤçşżćäť¤,1
Holes and Balls,1
随手记标准版 for iPhone,1
Haypi Dragon,1
拉手离线地图HD,1
1518 占卜大师 -周公解梦起名算命,1
Lep's World HD,1
天天动听 - 好音质,1
搜狐视频 高清,1
人人乱世天下,2
Asphalt 7: Heat,2
正点闹钟,2
搜狐新闻,2
听新闻,2
Youku HD,2
随手记(标准版) for iPad,2
Zombie Hunting,2
Battery Doctor HD,2
Hero of Magic,2
一起来捡钱 HD 免费版,2
疯狂填字,2
Retina Wallpapers HD  with Glow Effects - 640x960 Wallpaper and Background,2
"iSafeBox - Password Protect Your Photos, Accounts, Etc",2
4 Elements HD (Premium),2
酷我音乐 2012,2
China Air Pollution Index,2
USB Flash Drive,2
啊!火箭,2
墨迹天气(官方),2
网易新闻,2
消息速递+,2
最后的兔纸,2
新黄金矿工:加勒比宝藏,2
QQ 2012,2
海豚浏览器,2
▻Sudoku,2
NinJump Deluxe Free,2
挖财记账理财,2
百度百科,2
Brain Lab II,2
Lil' Kingdom,2
Mapbar Navi,2
开心词场·超爽型背词工具,2
旅游攻略 HD,2
Apocalypse Knights - Endless Fighting with Blessed Weapons and Sacred Steeds,2
高清影视大全,2
GuguRadio,2
天朝教育委员会-HD LITE,2
Asphalt 6: Adrenaline HD,2
Swing Shot,2
減肥食物庫@薄荷,2
飞聊-中国移动官方出品,2
Roll Your Dice HD,2
愚者与智者48个差距(精编),3
语不惊人死不休,3
软件游戏猎手-精品海量限时免费,3
ChinaTaxi,3
天气通,3
Toy Defense,3
掌中新浪,3
ZAKER 最流行阅读软件,3
iHandy Translator Free,3
Asphalt 6: Adrenaline,3
Real Football 2012,3
Sticky Notes for iPad,3
Office Assistant Pro - Full-Featured Mobile Office Suite,3
手机铃声(免费版),3
疯狂的棺材,3
Sanlitun,3
Japan Life,3
金山装机必备 - 每天推荐限时免费&装机必备应用,3
热门应用 for iPhone,3
导航犬2011,3
中文整点报时,3
血之荣耀,3
Sango Millionaire,3
一起来捡钱 免费版,3
"流量监测仪(瓦力流量仪—实时监控提醒,上网必备)",3
WeChat!,3
PPS影音,4
百思不得姐,4
限时免费HD,4
MetalStorm: Wingman,4
热门壁纸,4
企业与管理,4
火线指令,4
搜狗输入板,4
Mew call,5
Mole's World,5
红袖添香离线看,5
天朝教育委员会 LITE,6
射雕英雄传之小破孩,7
优酷,7
中国求生手册 - 捍卫食品安全 强壮中国人,7
Ice Age Village,7
微博 HD,8
Battery Doctor +,8
限时免费专业版 HD,10
only-self,47
MBA智库,169
