Hong Kong Travel Map,10
Japan Travelpedia,8
World Travelpedia - 50000+ Global Attractions,7
United Kingdom Travelpedia,6
Bali Travel Map,5
Phuket Travel Map (Thailand),4
World Travelpedia - ALL-IN-ONE - Sights/Restaurants/Shopping/Nightlife,3
World Travelpedia - Restaurant & Shopping,3
Canada Travelpedia,3
New Zealand Travelpedia,3
South Asia Travelpedia,2
热游东京,2
North Europe Travelpedia,2
Germany Travelpedia,2
点菜宝宝,2
A Monster Called So Many - Yippee Arts,1
Chrome,1
天涯论坛 • 百读不倦 TianYa,1
"Cool Wallpapers HD & Retina Free by Kappboom™ for iPhone,iPod,iPad",1
Don't Touch My Pics FREE: Password protect HD/HQ images,1
Southeast Asia Travelpedia,1
Crazy Monster Truck - Escape,1
Cardiograph,1
only-self,1
UltiMate GPS,1
旅游攻略 HD,1
Royal Envoy HD (Premium),1
掌中天涯(官方版),1
一周计划 · MyWeek - 有规律的生活方式,1
QQ游戏大厅,1
GAMEBOX 1,1
微博 HD,1
Russia Travelpedia,1
Greece & Turkey Travelpedia,1
iBoost: Turbo Your Car!,1
POCO美人相机,1
愤怒的金刚,1
MotionX GPS HD,1
糗事百科,1
Spain & Portugal Travelpedia,1
Central Europe Travelpedia,1
搜狐新闻,1
Qzone,1
Fishing Joy,1
