中国真实灵异事件绝密档案,38
only-self,18
超恐怖短故事集,5
草莓派,4
Lucky Cash Out,4
专业拍客,4
经典儿歌大全,4
Lucky Cash Out HD,3
War Grimoire HD,3
QQ 2012,3
生男生女靠自己,3
网易云阅读 for iPhone,3
乐蜂网-可信赖的女性购物网站,3
微英语 HD,3
春节+龙年祝福+短信群发,3
PPS影音,2
心灵解压音乐专业版,2
我们的爱,2
正点闹钟,2
Butterfly of the Cloud,2
微博 HD,2
Draw Something Free,2
Zombie Hunting,2
千杯不醉,2
高德导航HD Autonavi Navigation,2
War Grimoire,2
情爱宝典,2
挖财记账理财 Pro (HD for iPad),2
StarBunker:Guardians HD,2
Notes & To-do,2
佛与禅,2
ElectronBase,2
"流量监测仪(瓦力流量仪—实时监控提醒,上网必备)",2
幼儿七彩笔顺学习卡基础版 FREE,2
Infinity Blade II,2
驾考宝典,2
Hello Angel,2
微英语 FREE,2
豆丁书房（HD）,1
Reckless Getaway,1
三国征途,1
Sound Massage - No more gloomy days!,1
性乐诱惑,1
诗词大全,1
Angry Birds Seasons,1
▸ Calculator,1
Ringbuilder - Creating custom ringtones,1
黃大仙  Wong TaiSin -Pro,1
后宫秘史：三宫六院,1
百度音乐,1
My Sketch,1
CNTV中国网络电视台,1
云中书城Lite,1
_疯人院_,1
Talking Tom & Ben News,1
Simply Find It Pro,1
麻雀館 - 跑馬仔,1
五项管理,1
DayReminder,1
Special Characters,1
Path,1
幼儿七彩笔顺学习卡基础版,1
English Grammar,1
儿童吧 幼儿睡前故事 第二季,1
Optical Heart Rate Meter,1
不可不知的1000个历史常识,1
Best Weather,1
百度贴吧,1
Let's Spot It! HD Lite,1
麻将茶馆 HD Mahjong Tea House,1
随手记专业版 for  iPad,1
30天减肥,1
ChinaTaxi,1
火车订票助手 - 12306订票工具,1
前程无忧,1
Cart Cow HD,1
性爱百科大全,1
血型密码 A.B.O,1
Photo Effect Studio,1
I Ching 易經蓍草占卜,1
智能列车时刻表(出行必备),1
The Tribez HD,1
限时免费,1
帝王私密生活,1
三国无双之猛将传 完整版,1
QQ浏览器HD,1
China Mobile Area Code Lookup,1
Warring States,1
Private Camera - safe camera protect your photos and videos,1
蠢蛋秀™,1
外星人已潜伏地球5000年,1
Hero's Way,1
UC浏览器iPhone版,1
QQPlayer,1
德语4000句,1
各种“门”,1
联众达人麻将HD,1
Let's Spot It! PRO HD,1
日本語学习,1
新浪微盘 - 新浪官方出品,1
限时免费大全,1
AppZapp HD,1
"日语翻译官—日本,出国,旅游",1
CarAssistant Professional,1
Week Calendar,1
Swap Them!,1
俄语4000句,1
Festival Card,1
幻想精灵,1
2012开运灵书,1
畅听西游记,1
史上最恐怖小说合集,1
Crazy Penguin Catapult,1
孤泣愛情集圖冊,1
爱聊免费电话免费短信,1
风行,1
Snoopy’s Street Fair,1
Z The Game,1
农行手机银行,1
Kikilo,1
中国经典动画片,1
通讯录超级管家-2012最别致的通讯录,1
iReadG - Offline rss news reader for Google Reader™,1
情色笑话大全（每日更新）,1
性格密码,1
十二星座老婆说明书,1
Wild cranes old man divination encyclopedia,1
成语大全,1
Jean's Boutique 2 HD,1
时间管理—高效率地生活,1
Baby Card HD,1
精彩儿童睡前故事集,1
Temple Run,1
掌上航旅,1
HungrySquid HD,1
Capsule vs. Virus,1
太平洋电脑网,1
MetalStorm: Wingman,1
The Adventures of Tintin™ - The Game,1
百大全球未解之谜全解析,1
玩漫 鬼吹燈 龍之烙印,1
天天动听 - 好音质,1
iHandy Translator Free,1
金山T盘 – 旅途必备，娱乐工作随时随地,1
支付宝,1
PPTV网络电视 HD,1
日语随身记,1
【有声惊悚】602噬人公寓,1
JAPANESE - SPEAKit! (Video Course),1
abc Notes - Checklist & Sticky Note Application,1
台湾旅游指南-史上最全台湾旅游景点资料,1
指明星导航,1
Smurfs' Village,1
Sudoku&Cracker,1
大家来抢钱-2012HD,1
Angry Duckly ada,1
女性の私房话,1
墨迹天气(官方),1
iCarBaby,1
短信祝福,1
iMeridian (經絡穴位圖),1
Office Assistant Pro - Full-Featured Mobile Office Suite,1
西班牙语4000句,1
中日双语辞典,1
网易新闻,1
Richman 4 fun,1
触宝智能拨号,1
Willie Mouse HD,1
Mission Sirius,1
新黄金矿工:加勒比宝藏,1
人人,1
忍者无极,1
FighterTycoon,1
Epic War TD - iPad Edition,1
福尔摩斯探案全集（正版）,1
中国天气通,1
南海风云,1
KKtalk Messenger,1
CallerLoc,1
Battery Doctor +,1
火车票—买票、多家银行支付、退票,1
Identify Image,1
世界智谋全解,1
Ascendancy,1
疯狂的棺材,1
殭屍農場,1
Death Rally,1
12星座人性攻略大全,1
红袖添香离线看,1
减肥瘦身魔法书,1
Calc Pro HD - The Top Mobile Calculator,1
DEAD RISING MOBILE,1
接机大屏幕,1
Saving Yello,1
Japan Life,1
Firedance Panda HD,1
毛泽东和巾帼英雄,1
初中英语语法总结,1
Hungry Shark Trilogy HD,1
文件大管家,1
初中化学知识点总结,1
MahjongAssist,1
Spy Eye,1
记忆女友,1
aniQuoma,1
微英语–商务,1
财客标准版-记账理财必备,1
blade of darkness,1
导航犬2011,1
人类电影精华,1
SPY mouse HD,1
Gun Bros,1
Special Enquiry Detail: The Hand that Feeds HD,1
iNFZM News Reader-南周阅读器,1
腾讯视频HD,1
百部侦探推理经典集,1
Asphalt 6: Adrenaline,1
The Island - Castaway™,1
祝福短信 - 生日提醒&节日短信群发,1
旅行家火车(中国),1
天猫（淘宝商城）- 时尚购物，正品网购,1
官场商战大合集,1
爱折客,1
SHIFT 2 Unleashed (Chinese),1
性能力评估-男性能力亲测,1
Sango Millionaire,1
HD Wallpapers Stand,1
心理学必读精品合集,1
"大众点评—美食,优惠,团购",1
暴走漫画 Orz,1
Dream Screen,1
Stanza,1
新浪视频,1
夫妻床头话,1
【有声恐怖】冤鬼路三部曲,1
Plants vs. Zombies,1
鲁迅(全集),1
反恐突击队 Gun Strike,1
CiperText,1
Pictures Mania HD 2,1
风水布局大师,1
"微看电视-球赛直播,高清截图",1
Birzzle Pandora,1
Key Manager,1
星概念核心词汇,1
Top Camera - HDR and Slow Shutter,1
iSlash HD,1
GT Racing: Motor Academy Free+™,1
Hipstamatic,1
Cut Cut Photo Frames,1
日常工具箱,1
影响一生的风水全攻略,1
Little Fox Music Box – Kids songs – Sing along,1
Fly to Squish！,1
气象窗,1
DriveRecord,1
初中中考历史知识点总结,1
Gold Crown™ Video Poker,1
应用安全卫士,1
PrivateFolder,1
英语15000句,1
Acupoints Ultimate 穴位,1
极品冷笑话图集,1
天朝教育委员会-HD,1
雷人漫画(万本+每日更新+免费),1
Finger Block,1
博雅斗地主(支持蓝牙),1
iAround-Chat with people nearly,1
Colorful Day,1
IKEA Catalogue,1
iColor Picture,1
导航大叔AR版-城际通云导航系列,1
星际防御战,1
帝王私密生活全记录,1
PocketTrain,1
Magikid Train,1
Sparkle the Game,1
唯美浪漫系列小说库,1
THE KING OF FIGHTERS-i-,1
中国清真饮食文化,1
Excel三国杀,1
"Emoji 5,000+ Pro (pre-made beautiful EmojiArt)",1
ChengDu Mahjong,1
智能菜单,1
