唱吧 - 你的手机KTV,2069
only-self,735
PPS影音,148
QQ 2012,136
ĺąĺ§ - ä˝ çććşKTV,127
Sanlitun,126
Japan Life,107
WeChat,106
Mew call,101
优酷,95
Battery Doctor +,94
百思不得姐,80
射雕英雄传之小破孩,78
一起来捡钱 免费版,76
微博 HD,75
酷我音乐 2012,74
天朝教育委员会 LITE,64
热门壁纸,61
Ice Age Village,59
Brain Lab II,58
QQ音乐,57
开心水族箱,52
红袖添香离线看,49
美丽说-时尚女生逛淘宝必备,47
酷狗音乐,45
SunnyPuppies,43
Swing Shot,43
新黄金矿工:加勒比宝藏,42
淘宝,41
"流量监测仪(瓦力流量仪—实时监控提醒,上网必备)",40
Zombie Hunting,38
最后的兔纸,36
疯狂的棺材,36
手机铃声(免费版),35
天气通,35
Zoo World,35
Draw Something Free,34
Mole's World,34
Fruit Ninja Free,33
人人,32
微博,31
Qzone,31
陌陌,30
Douban.fm,30
Small Street,30
Toy Defense,30
Lil' Kingdom,30
Apocalypse Knights - Endless Fighting with Blessed Weapons and Sacred Steeds,30
"美团团购-优惠,美食,美酒,电影票,团购",30
墨迹天气(官方),30
熊猫打僵尸,30
血之荣耀,29
蠢蛋秀™,29
限时免费大全,27
龙之力量,25
Ringtone Master,25
Sango Millionaire,25
360手机卫士,24
限时免费,24
Weico for Weibo,23
Asphalt 6: Adrenaline,23
UC浏览器iPhone版,23
Where's My Water? Free,23
Third Blade Free,22
Gold Crown™ Video Poker,22
网易新闻,22
gay men's social network - Jack'd,21
Real Football 2012,21
一站到底,21
天天动听 - 好音质,20
殭屍農場,20
ZAKER 最流行阅读软件,19
Dungeon Hunter 3,19
Flashlight •,19
搜狗输入板,19
情爱宝典,19
啊!火箭,19
Emojiđâ˝đIcons Free,18
Escape The Ape,18
麻將 明星3缺1 -16張,18
中国求生手册 - 捍卫食品安全 强壮中国人,18
大家来数钱,18
导航犬2011,18
宠物猎人,17
"iSafeBox - Password Protect Your Photos, Accounts, Etc",17
神的指意,17
PPTV网络电视 HD,17
火线指令,16
Hero of Magic,16
Smurfs' Village,16
Underpants Raccoon,16
SimSimi,16
Temple Run,16
愤怒的金刚,15
QQ电影票(全国电影查询与优惠购票),15
CSR Racing,15
触宝智能拨号,14
FotoRus (Formerly GifRus),14
Tom's Love Letters,14
ChinaTaxi,14
百度音乐,14
探索世界未解之谜,14
口袋战争：魔界勇士 中文版,13
Inotia 3: Children of Carnia,13
Fishing Kings Free+,13
糗事百科,13
腾讯微博,12
植物大战僵尸,12
Haypi Dragon,12
随手记标准版 for iPhone,12
爱卡汽车,12
Where's My Water?,12
软件游戏猎手-精品海量限时免费,12
逛淘宝-口袋购物 发现惊喜,12
热门应用 for iPhone,12
Virtual City Playground,12
瘦身战争,11
iSafePlay,11
Instagram,11
Fruit Ninja,11
红袖添香女性小说,11
腾讯手机管家（原QQ手机管家）,11
QQ梦想城,11
Youku HD,11
Brothers In Arms® 2: Global Front Free+,11
金山装机必备 - 每天推荐限时免费&装机必备应用,11
反恐突击队 Gun Strike,11
正点闹钟,10
逆轉三國,10
Clear Vision (17+),10
QQ星乐团,10
PPSĺ˝ąéł,10
奇艺影视,10
我查查-条码扫描比价-Wochacha,10
Roll Your Dice,10
Battery Doctor HD,10
艺龙无线-酒店·机票·旅游,10
Let's Golf! ® 3,10
内涵段子,10
博雅斗地主(支持蓝牙),10
高德导航HD Autonavi Navigation,10
语不惊人死不休,10
乐视影视,10
Help Purple,10
WhatsFish2 - Fish life,10
GuguRadio,10
美女忍者 完整版,10
Gif快手,10
求合体 HD,10
Spot Venture Plus,9
Brutal Street,9
Battery Doctor Pro - Max Your Battery Life,9
iAround-Chat with people nearly,9
Camera360 Ultimate,9
TankForce!,9
Burn The Corn,9
Samurai vs Zombies Defense,9
"蘑菇街 - 淘宝精选, 微博时尚",9
Fishing Joy,9
Super Mushrooms,9
旅游攻略,9
Journey to the West Slot,9
Mini Motor Racing,9
Huofar Dailylife - Quality Lifestyle,9
Path,8
Third Blade,8
Men in Black 3,8
Six-Guns,8
挖财记账理财,8
Pocket Check-Up Lite,8
手机QQ浏览器,8
Finger Trouble,8
Fish Hunter - All Blue Sea,8
24节气养生,8
Adventure Island-Voice Control Free,8
永恒战士,7
食神摇摇,7
Drag the Rope,7
杀手,7
大家来抢钱-2012,7
"Cool Wallpapers HD & Retina Free by Kappboom™ for iPhone,iPod,iPad",7
搜狐新闻,7
前程无忧,7
赶集生活,7
ä¸čľˇćĽćĄéą ĺč´šç,7
爱聊免费电话免费短信,7
Vegas Life,7
WeicoPro 微博客户端,7
停车大师 3D,7
Comikon,7
PowerCam™,7
30天减肥 完整版-限时免费,7
"YY语音-听歌听课听直播,语音群聊随便说",7
Draw Something,6
éˇćéłäš 2012,6
360安全通讯录-拨号必备,6
7Days Deep Sleep,6
Spy Cams,6
My Town 2,6
神仙道HD,6
腾讯视频HD,6
Girl Tale,6
夫妻床头话,6
中华万年历-日历 农历 天气 节日 日程,6
Simply Find It Pro,6
The Oregon Trail: American Settler,6
MiTalk Messenger,6
Tap Tap Revenge Tour,6
Tui-Find great apps earlier,6
Bump,6
音悦台,6
海豚浏览器,6
三国塔防 - 魏传,6
Angry Piggy™,6
Stardom: The A-List,6
Angry King Kong HD,6
Fishing Stars,6
Spot The Differences - Select,6
Cut the Rope: Experiments,6
K歌达人免费版,6
減肥食物庫@薄荷,6
搭配達人,5
掌中新浪,5
çžćä¸ĺžĺ§,5
Kick the Boss,5
ĺžŽĺ,5
新浪微盘 - 新浪官方出品,5
简简单单•约会交友(荐),5
91手机助手-限时免费推荐,5
Fingerprint magic mirror,5
Tiny Farm®,5
Plants vs. Zombies,5
çş˘č˘ćˇťéŚçŚťçşżç,5
ćˇĺŽ,5
手相大师,5
Moments! - A Diary Entry to Frame Up Your Precious Moments,5
çžä¸˝čŻ´-ćśĺ°ĺĽłçéćˇĺŽĺżĺ¤,5
快播,5
Let's Spot It! PRO,5
唤龙世界,5
Army of Darkness Defense,5
ĺ°éčąéäź äšĺ°ç ´ĺ­Š,5
搜狐视频 高清,5
三联生活周刊 for iPhone,5
小小忍者猫  精简版,5
Move the Box,5
淘宝彩票,5
ĺ¤Šć°é,5
QQ通讯录-最快最方便的通讯录,5
Mapbar Navi,5
Monster Shooter: The Lost Levels,5
FBI教你读心术,5
My Horse,5
OvenBreak Skittles®,5
Fish Off - Multiplayer Battle,5
Gemz for iPhone,5
好大夫在线,5
FIT Memo （Todo + Reminder）,5
Quick Call Divert,5
魔導紀元,5
新观音灵签®,5
相格,5
Photo Editor - Fotolr,5
孕妇我最大,4
äźéˇ,4
捕鱼大亨,4
QQ音乐HD,4
Infinity Blade II,4
"指纹扫描测算-扫扫更健康,只要一按手指,知晓指纹的秘密",4
Lost Souls: Enchanted Paintings,4
豆瓣FM for iPad,4
Cut the Rope Free,4
Asphalt 6: Adrenaline HD,4
雄霸天地(简体版),4
Asphalt 7: Heat,4
i12306,4
火花电视剧 - 最新最全的电视剧,4
小明日记,4
Lep's World,4
360云盘,4
支付宝,4
火车票™,4
King of Math,4
Avenger ©,4
Heart Breaker : Sniper,4
éˇçéłäš,4
ç­é¨ĺŁçş¸,4
Tuding,4
拨号精灵 - 打电话必备,4
ć°éťéçżĺˇĽ:ĺ ĺćŻĺŽč,4
Ghost Sniper : Zombie,4
58同城,4
海豚浏览器HD,4
ĺžŽĺ HD,4
Fruit Link 3,4
Hello Kitty Beauty Salon!,4
水浒艳传之征服潘金莲,4
女王的皇冠,4
Move The Eggs,4
Plants War,4
iAlbumFree(Photo&Video encrypt),4
éşťĺ° ćć3çźş1 -16ĺźľ,4
Holes and Balls,4
愚者与智者48个差距(精编),4
脑筋急转10000弯 PK版,4
ZAKER,4
天猫（淘宝商城）- 时尚购物，正品网购,4
China Air Pollution Index,4
巅峰狂飙,4
Virtual Lighter,4
麻雀館 - 跑馬仔,4
Spot Venture,4
Final Fury,4
Retina Wallpapers & Backgounds,4
蘑菇街HD——淘宝精选，微博时尚,4
QQ浏览器HD,4
eReader by ZuiKong.com,4
Emily's Wardrobe,4
Zombie Farm V,4
Office Assistant Pro - Full-Featured Mobile Office Suite,4
Action Movie FX,4
拼音100分,4
iHandy Translator Free,4
Dead Rage: Prologue,4
有信-免费电话,4
Kć­čžžäşşĺč´šç,4
Monster Pet Shop,4
全国电影放映时间,4
万年历,3
"ćľéçćľäťŞ(çŚĺćľéäťŞâĺŽćśçć§ćé,ä¸ç˝ĺżĺ¤)",3
去哪儿旅行 - 机票航班·酒店·火车票,3
Jetpack Joyride,3
One touch Drawing,3
Air Vacation,3
Chrome,3
暴走漫画 Orz,3
2012郭德纲最新相声(最全+高清),3
Funny Sango TD,3
FANTASYxRUNNERS,3
百度旅游,3
Tower Defense®,3
Thief Lupin!,3
"çžĺ˘ĺ˘č´­-äźć ,çžéŁ,çžé,çľĺ˝ąçĽ¨,ĺ˘č´­",3
捕鱼大亨HD,3
微格Pro-新浪微博客户端,3
腾讯视频,3
Diary (multimedia&secret),3
停车大师 3D iPad版,3
QQéłäš,3
ĺźĺżć°´ćçŽą,3
Order & Chaos© Online,3
消息速递+,3
▻Sudoku,3
Run!Boss,3
快递100-免费查快递,3
Angry Birds,3
éžäšĺé,3
éŁçĽćć,3
魔术大师,3
éé,3
Pirate Gunner HD,3
Toy Defense HD Free,3
犀利语录,3
"微看电视-球赛直播,高清截图",3
风行 - 看最好的电影,3
Great Solitaire!,3
Crazy Caps,3
Emoji Free!,3
驾考宝典小车版(C照),3
Talking Tom Cat 2,3
下厨房菜谱,3
内涵漫画（精编版）,3
魔力高清影视（MoliVideo）,3
Dudu Rush Deluxe,3
美图秀秀,3
麻將 明星3缺1  HD,3
云笔记 - 最好用的记事本,3
HiThere,3
三国志ONLINE(中国版),3
Splashtop Remote Desktop for iPhone & iPod,3
hao网址大全,3
FIT™ 写字板 - 极速个人记事工具,3
äşşäşş,3
Hit Tennis 3,3
iGoBeat Mini,3
Battery Doctor - Maximize Your Battery Efficiency,3
Shake Spears!,3
天籁K歌 简体,3
限时免费专业版 HD,3
EMPIRE WAR,3
Happy 40 weeks of pregnancy,3
限时免费HD,3
乐动达人2012,3
Dream Heights,3
凯立德移动导航系统 V8.3 声控版,3
Cat Physics,3
iHandy Flashlight Free,3
车内逃脱4 - BMW 1系谍影,3
Cardiograph,3
Flower Garden - Grow Flowers and Send Bouquets,3
Mega Run - Redford's Adventure,3
iShuffle Bowling 2,3
"日语翻译官—日本,出国,旅游",3
i-芭比,3
Virtual City Playground HD,3
FIFA 12 by EA SPORTS,3
风云三国,3
人人乱世天下,3
Simply Find It,3
奇迹之城,3
天朝教育委员会-HD LITE,3
Horoscope ®,3
寵物餐廳,3
QQ HD 2011,3
Destiny Defense : Angel or Devil,3
Hide Calculator Lite-Best way to hide file,3
MetalStorm: Wingman,3
Fantasy Town,3
唯品会,3
Real Strike - The Original 3D Augmented Reality FPS Gun App,3
Mini Motor Racing HD,3
呼呼疯狂赛马,3
Heroes & Outlaws,3
名片全能王免費版 – CamCard 名片辨識 名片管理 （中文繁簡英日韓）,3
开心集品,3
SPY mouse,3
搜狐视频 HD,3
QQ Restaurant,3
人人 HD for iPad,3
掌上旺信-阿里旺旺手机版,3
Fashion Icon ©,3
"Leisure Factory:Sex,love and Laughter",3
瘦身電臺,3
Free Ringtone,3
穷游锦囊HD,3
免费应用汇,3
掌中天涯(官方版),3
找驾校 - 交规考试,3
UNO™,2
Firedance Panda,2
限时免费 360,2
ĺżŤć­,2
Simply Ludo,2
搞笑囧图（实时更新）,2
YOHO!E  潮流，随行而至.,2
BoyAhoy Gay Chat,2
Q拍,2
Gold Crownâ˘ Video Poker,2
Infinity Blade,2
Kingsoft Powerword,2
2Kids Chinese for iPhone,2
Dr.Stanley's House 2 (6 stones),2
čŻ­ä¸ćäşşć­ťä¸äź,2
新版标准日本语移动课堂（初级上、下册）,2
7天听懂双语新闻,2
QQ音乐超级版,2
ZENONIA® 4,2
ArcherWorldCup2,2
Calculator for iPad Free.,2
HOMERUN BATTLE 2 FREE,2
č˝Żäťść¸¸ćçć-ç˛žĺćľˇééćśĺč´š,2
Run Run Bear,2
圣犬帕拉,2
Same Stars HD,2
WhatsFish2 HD - Fish life,2
驾考宝典,2
AllRingtone,2
听听-免费网络电台,2
网易应用中心-限时免费推荐,2
ĺ˘¨čżšĺ¤Šć°(ĺŽćš),2
Shark Dash,2
Virtual Table Tennis 2: Ping Pong Online,2
Camera-Fotolr,2
GUN ZOMBIE : HELL GATE,2
CYKW 2,2
疯狂卡车,2
iFighter 2: The Pacific 1942 by EpicForce,2
ćĺçĺçş¸,2
Tap The Frog,2
漂流瓶,2
Paracute,2
超强 经期跟踪器（科学、准确、纠错）,2
虫虫部落,2
高德地图(免费导航版),2
慢速VOA精华100篇 随身课堂,2
MoliPlayer,2
Panda's Treasures,2
éłćŚĺ°,2
Toy Defense Free,2
"Perfect 365 - Makeup, Photo Editer",2
iStory,2
Bear War Online － Happy Holiday,2
Puzzle Family PLUS,2
全国违章查询助手,2
M2 date,2
UCćľč§ĺ¨iPhoneç,2
çžĺşŚéłäš,2
快拍二维码-条码比价,2
Zombie HQ,2
"Cool Wallpapers HD & Retina Free by Kappboomâ˘ for iPhone,iPod,iPad",2
VPN Fire - Bypass Internet Restrictions in China & Middle East,2
淘米妈妈-儿童应用精选,2
Bumpling free - A challenging yet fun logic puzzle game,2
iStyle,2
Derby Days,2
Crunching,2
书旗免费小说,2
Bike Race Free - by Top Free Games,2
Tarot 9 in one,2
TinyLegends - Crazy Knight,2
DECOPIC,2
Scarface™,2
Baidu Mobile,2
POCO美人相机,2
Block Breaker 3 Free+,2
好豆菜谱,2
街旁 - Jiepang,2
美团电影,2
Pano Camera 360°,2
BannerFlo,2
KartRider Rush,2
Pocket Potions,2
ForestVille,2
疯狂填字,2
十二星座老婆说明书,2
Tiny Piano,2
Tiny Journey,2
Homerun Battle 3D,2
决战三国（hd）,2
Legend Four,2
ćććźŤçťç¤ž,2
Fruit Ninja HD Free,2
Plants Link 2 Free,2
有道云笔记,2
EmojiđđđPlus - Best Emoji Keyboard!,2
Bubble TapTap,2
墨迹天气HD,2
Battery Doctor Free,2
No Zombies Allowed,2
Pet Inn,2
IronFrog DX,2
成人脑力训练 便携HD版,2
精品特惠（布丁优惠券）美食、电影、KTV，优惠、订餐、团购，麦当劳、钱柜、肯德基,2
Pirates vs Navy Deluxe,2
Maaii - Free Mobile Calls & Chat,2
Between - An intimate space for two,2
微宝贝-育儿新微博,2
元素防卫战 - 语音联机塔防中文版,2
My Sketch,2
Freekick Battle,2
Photo wonder,2
旅行翻译官,2
酒精测试仪,2
éé¸ĺ¤Šĺ°(çŽä˝ç),2
Fun Camera !,2
旅游攻略 HD,2
大众点评HD,2
随手记专业版 for iPhone,2
Home Screen Icon - tap to call - home contact,2
有道词典本地增强版-翻译、查词、百科、背单词 -Youdao Dictionary Professional Edition,2
手机铃声,2
Angry Birds Seasons,2
LINE,2
婚姻试配豪华版-热恋中的情侣试试看吧,2
Fotopedia China,2
孕期提醒--怀孕必备,2
Cut the Rope,2
My Town: Animals,2
Office Jerk,2
Design This Home,2
街头风云,2
WhatsApp Messenger,2
GifĺżŤć,2
Three Kingdoms TD - Legend of Shu Lite,2
姓名测试,2
网易云阅读 for iPhone,2
眈眈,2
网易公开课,2
ĺžŽć ź-ć°ćľŞĺžŽĺĺŽ˘ćˇçŤŻ,2
酒店控,2
ArcherCat,2
Subway Surfers,2
搞笑排行榜—每日新鲜笑料,2
ćľˇčąćľč§ĺ¨,2
WeicoGIF - VoiceCam,2
Heart Booth - FREE,2
K歌达人,2
i-Sokki Japanese Vocabulary - JLPT,2
Mega Jump,2
快速圣经(简体版),2
免费全国交通违章查询,2
节奏大师,2
Fashion Icon ÂŠ,2
Youlu Address Book,2
冷笑话精选－微博最火爆最受欢迎的冷笑话,2
黄金矿工 2 免费,2
豆瓣广播,2
Birzzle Pandora,2
好租租房,2
éćśĺč´š,2
"Emoji 5,000+ (pre-made beautiful EmojiArt)",2
乐乐鱼聚会夏日版,2
掌上高清影视,2
Witch Wars,2
MeWantBamboo - Become The Master Panda,2
DMD Panorama,2
BreadTrip - Track your route of exploring the world,2
Lane Splitter,2
Restaurant Story,2
砂畫王(Kids Sandpainting Game),2
Great Solitaire HD,2
Fishdom H2O: Hidden Odyssey HD (Premium),2
"网易电视指南-看直播,刷微博",2
微发现 for iPhone,2
Shrek's Fairytale Kingdom,2
杀手: 僵尸之城,2
ć¤çŠĺ¤§ćĺľĺ°¸,2
应用安全卫士,2
Mammoth Internet Browser,2
书香云集Pro,2
Contract Killer: Zombies,2
工行北京快逸生活,2
Huotu Funny Camera,2
飞信,2
联通手机营业厅(官方版),2
ćć,2
博雅德州扑克 HD,2
Flight Tycoon™,2
NinJump Deluxe Free,2
Contract Killer,2
挖段子 - 每日极品笑话，笑死人不偿命,2
Dragon Dictation,2
Solar Walk - 3D Solar System model,2
佛经佛音大全 免费版,2
"Lock Folder Free: To hide Photos,Videos,Accounts",2
天朝教育委员会,2
Perfect Image,2
ĺĽłçççĺ ,2
Fruit Link 3 HD,2
極上豪華麻將 Super Deluxe Mah-Jong,2
Viber - Free Phone Calls & Text,2
iKnow英语 - 身边的英语角,2
宠物猎人HD,2
星际坦克HD,2
ç­é¨ĺşç¨ for iPhone,2
萬年曆黃曆 Chinese calendar 藍鶴信息,2
IKEA Catalogue,2
C.H.A.O.S,2
掌上优购,2
车内逃脱2 - 宝马3系,2
暴风影音HD,2
Cover Orange,2
Fling!,2
Highway Rider,2
你画我猜,2
Calculator Easy HD,2
Basket World Cup,2
博雅斗地主HD(支持蓝牙),2
ebook House,2
My Pregnancy Today,2
汽车报价大全,1
天涯论坛 • 百读不倦 TianYa,1
ĺťĺŞĺżćčĄ - ćşçĽ¨čŞç­ÂˇéĺşÂˇçŤč˝ŚçĽ¨,1
Panda BBQ HD,1
K到爆欢唱版,1
三国杀,1
QQ邮箱,1
听新闻,1
Traffic Master,1
Big Win Baseball,1
NDDaily News Reader-南都报系阅读器,1
粤语达人 HD,1
ăćäşäźăä¸ĺš´ĺé,1
čĄäščŁč,1
全能归属地-来电必备,1
美美豆-沙龙发型换换换,1
Dead Space™,1
文艺听(有声),1
Animal Story,1
来电归属地 专业版+,1
海贼王-壁纸离线版,1
ĺ¤§ĺŽśćĽć°éą,1
葡萄酒大全,1
麦当劳优惠券完美版（离线）,1
儿童故事电台,1
"Driver Mini Free: Parking Challenge ( Best Cool, Mania & Funny Game App For Car Driving & Parking )",1
Frames & FX for Photos,1
k到爆欢唱版HD,1
刘忻,1
SpellCraft School of Magic,1
企业与管理,1
盗墓笔记系列有声小说第三部: 云顶天宫(下)+蛇沼鬼城(上),1
脑筋急转10000弯 免费,1
乐动达人,1
"2012星座大解析-整体运势,提升之道",1
葫芦丝,1
IPlants,1
Saving Yello,1
Baby Story,1
"Look out ,koala",1
Pocket Whip,1
The Act,1
ARDefender,1
【限时免费精品】- 揣着App搜索引擎,1
Gun Bros,1
Angry Birds Seasons HD,1
酷盘,1
FIFA Superstars,1
Pictures Mania HD 2,1
SayHi Translate: Use Your Voice to Speak a New Language like a Pro,1
口头交际王,1
Driving Recorder - TripREC,1
来电归属地助手,1
Zentomino - Relaxing alternative to tangram puzzles,1
舌尖上的中国-豆果菜谱精选,1
čžčŽŻĺžŽĺHD,1
GHOST TRICK: Phantom Detective,1
The World of Magic,1
Office² Plus,1
时光电影(Mtime.com),1
掌上租房-最全个人房源,1
Pic Jointer,1
蜜友衣橱,1
张国荣金曲,1
银泰百货--时尚购物首选,1
Photo manage(encrypt),1
我们的婚姻，我们的爱情,1
Penalty Soccer 2012,1
TalkBox Voice Messenger,1
Calculator HD+ Free,1
Bump Bump,1
Palm Reader +,1
旅行家游记,1
Clever Clear Click,1
星座大师:运势星盘配对解读专家,1
烘焙大师,1
Fashion Decoration,1
圣斗士星矢1-5卷,1
蜜壳儿,1
Rainbow Band - Tappi Bear,1
Treasure Seekers: Visions of Gold (Full),1
Truth Detector,1
丧尸出笼,1
S.F. EZ-GO,1
Fotolr Photo Studio Pro HD,1
Rail Maze Pro,1
Tiny Jump,1
AcePlayer,1
CreaVures,1
Amazing Alex,1
QQ阅读,1
减肥助理Moya,1
Super Tank Battle,1
Bakery Story,1
Wolf Toss,1
金山快盘HD,1
麻将茶馆体验版HD Mahjong Tea House Lite,1
盗墓笔记精编八部全集,1
Falling Stars by Trident Vitality Gum,1
艺龙无线HD－酒店预订专家,1
恐怖漫画社,1
Fun Mosaic,1
太平洋汽车网,1
Call of Mini: Sniper,1
Raid Leader,1
Age Of Empire,1
Chinese Flute Xiao,1
TheEndApp,1
备孕助手,1
泰国游记攻略,1
Zombie Runaway,1
Frogs Vs. Pests,1
ć­Łçšéšé,1
ćŻäťĺŽ,1
银行从业人员资格认证,1
Put Us Together Pro,1
Albert,1
Mystery Trackers: The Void HD,1
Fashion Story,1
农行手机银行,1
每日壁纸杂志 · WallPaper Magazine,1
i.Game 中国麻将,1
王栎鑫,1
Live TV(free),1
BIGBANG SHAKE,1
跳蚤市场-19楼闲置买卖,1
Antrim Escape 3,1
Pocket Planes,1
Calculator Pro (12 in 1),1
小丽爱优惠（DQ麦当劳汉堡王屈臣氏优惠券）,1
网易云相册 - 相片备份专家,1
腾讯朋友,1
ĺéćĺ°ä¸ť(ćŻćčç),1
荷塘春色 免费,1
浦发手机银行,1
Fumbies: The Cloud Creatures,1
Hero's Way,1
ćçąĺŽĺ¸,1
免费全国交通违章查询HD,1
Slit-Scan Camera,1
Alarm Clock°,1
Simply Gomoku Online,1
芒果你唱我猜,1
Talking Santa for iPhone,1
SevenSwords -OnlineRPG-,1
智联招聘,1
çžĺşŚĺŁçş¸,1
Angry Birds HD Free,1
ćéąźĺ¤§äş¨,1
čĄć - Jiepang,1
特约限免-限时免费视频版&限时免费大全,1
亿部书城iPad版,1
Home Screen Maker Lite,1
Fragger,1
护肝计划,1
佛经佛音大全,1
[有声珍藏]《明朝那些事儿》（全七部）,1
阿里旺旺 for iPhone,1
Real Madrid Fantasy Manager 2012,1
申銀萬國香港,1
Guns'n'Glory FREE,1
éŠžčĺŽĺ¸,1
SoundHound,1
Splashtop Touchpad,1
Zombie Café,1
百度百科,1
Creepy Critter Camera,1
IconđđđKeyboard Plus,1
Ping Pong - Insanely Addictive!,1
大家来抢钱 高清版,1
Mr.Ninja,1
CityVille Hometown,1
ć°ćľŞč§é˘,1
ĺź ĺ ćć´éłäšč,1
Pictures Mania HD 3,1
贴吧捕手,1
CEMA Interpreter(To English),1
Cut the Rope: Experiments HD Free,1
Wedding Dress Look Book by The Knot,1
Nyan Cat: Lost In Space,1
Urban Crime,1
当当网,1
Nightclub Story™,1
Pocket Check-Up,1
汽车图片,1
玄幻小说全本排行榜,1
《影像视觉》杂志,1
飞常准-FREE,1
POCO相机-拍出最美照片,1
天有风云,1
FaceShift,1
知乎-总有你不懂的事,1
博雅四川麻将,1
Comic Mask Lite,1
Gold Digger (HD),1
ĺŽ çŠçäşş,1
米奇网-全国首家化妆品特卖商城,1
东方财富通(炒股必备、永久免费),1
The Tribez HD,1
魔法岛主,1
Pet Shop Story™,1
康熙来了,1
iTunes U,1
Today In History -The simplest way to learn history,1
Agoda.com - Smarter hotel booking,1
"指纹测算豪华版-扫扫更健康,只要一按手指,知晓指纹的秘密",1
Mermaid HD,1
äšäšéąźčäźOnline,1
玩机宝典 - 第一使用秘籍 for iPhone,1
PDF Reader Pro,1
仙人灵签,1
Touch of Music Pro,1
AirAsia,1
Talking Gina the Giraffe,1
飞聊-中国移动官方出品,1
Island Empire,1
The Creeps!,1
北京动物园-TouchChina,1
Bear Spa,1
乐送,1
大家来抢钱-2012HD,1
iSTAR Drummer,1
ćçťçťĺŚ ä¸ä¸ç,1
人人三国,1
Logic Square+,1
No More Mosquitoes (GPS),1
Blueprint 3D,1
Magic Piano,1
Rescue City Full,1
Alien20 Pilot Free,1
Royal Trouble: Hidden Adventures HD,1
圣经,1
Universer Unit Converter Pro HD,1
Panorama™,1
Sudoku ✯,1
金瓶梅绘本,1
Rail Maze,1
iQuarium,1
Finger Drums,1
健康闹钟,1
XE Currency,1
Poker by Zynga,1
原创音乐基地,1
一下视频,1
Tap Tap Spring - Tappi Bear,1
Three Kingdoms TD - Legend of Shu HD Lite,1
NoteLedge® for iPad,1
Best Secret Folder,1
Fatify,1
çžĺ˘çľĺ˝ą,1
Stupidness 2,1
"登登 - 私人社交,微博",1
Classical Music II: Master's Collection Vol. 2,1
Blood Ninja:Last Hero,1
"čččĄ - ćˇĺŽç˛žé, ĺžŽĺćśĺ°",1
掌阅iReader,1
ringtone Free,1
微格-新浪微博客户端,1
Ugly Meter™,1
淘宝旅行-低价航班酒店预订,1
Emily,1
郭德纲于谦相声全集 一,1
éćśĺč´šĺ¤§ĺ¨,1
Word Frequency List,1
Dark Horse Comics,1
世纪佳缘—美国纳斯达克上市中国最大的严肃婚恋交友网站,1
FC Barcelona Fantasy Manager 2012,1
Rock(s) Rider,1
LINE camera,1
ććşéĺŁ°,1
ć°´ćľčłäź äšĺžćć˝éč˛,1
快赢专业版,1
Brick (Retrobit),1
Cinegif Video,1
ä¸çŤĺ°ĺş,1
Big 2 锄大D,1
ä¸ĺ˝ĺĄé˛ - é­äź ,1
大众汽车 蓝·创未来 挑战赛,1
iStart Spanish! (Full Beginner Course) by Mirai Language Systems,1
Tiny Zoo Friends,1
Iron Frog,1
StarTracker for iPhone 4S,1
çĽçćć,1
网易微博(官方),1
Fruit Ninja: Puss in Boots,1
跑步控,1
Guide for Cut the Rope Holiday's Gift,1
Piano*,1
Parking Mania,1
çžĺžç§ç§,1
Fruit Ninja HD,1
拉手离线地图HD,1
钢琴谱大全HD,1
Piano Tutor for iPad,1
Brain Lab II - Pro,1
Special Enquiry Detail: The Hand that Feeds HD,1
网易汽车,1
The Island - Castaway™,1
中银掌上行（增值版）,1
FIT随享 新浪微博客户端,1
Peeco Online,1
Retina Wallpapers HD - 640x960 Wallpapers and Backgrounds,1
招商银行手机银行,1
疯狂过山车,1
许嵩官方论坛,1
NOTE'd,1
Childhood origami,1
签名设计,1
Let's Spot It! Lite,1
Dropbox,1
财智快账,1
荷塘春色,1
身材计算器!,1
"Radio Alarm Clock - Listen to 50,000 stations from around the world!",1
PowerSketch,1
日历,1
ToMoTo:Become cute in one second! (Free),1
深航客户端,1
Tree World,1
Crazy Shops HD,1
高清影视大全,1
Cat War,1
希腊游记攻略,1
瘦身日记,1
Supersonic HD ™,1
Real Racing 2,1
条码比价,1
Colorful Day Free,1
FriendCaller Video Chat,1
清宮秘錄（繁/簡中文版）,1
Big Gun: Platinum,1
腾讯新闻,1
čžčŽŻĺžŽĺ,1
Next Day,1
vip全本言情(全免费),1
Robokill ®,1
Ace Find the Difference (Ultra HD),1
Hohool,1
XEmoji Free - Emoji Keyboard Reference,1
Solitaire‌‌‌‌‌,1
挖笑话,1
Voice Secretary:Use Your Own Voice to Remember Everything,1
iAround HD,1
Undead Attack Pinball HD - by Top Free Games: Mobjoy,1
彩虹流量 免费版 (上网流量压缩),1
Slice It!,1
Weico＋,1
Adventure Island-Voice Control,1
Together!-Circle Event,1
中信银行移动银行,1
ExpenseTracker - Spending,1
TripColor - Social Travel Sharing and Holiday Travel Blog,1
腾讯SOSO地图,1
文件大管家,1
MotoHeroz,1
Inotia 4 PLUS,1
宝宝起名大全,1
真心话大冒险,1
Speedy Pigs - HIGH SPEED WARNING!,1
NoteLedge® Lite for iPad,1
PhotoShake!,1
星座运势,1
美团团购HD-优惠电影美食娱乐折扣,1
沪江小D-多语种词典,1
çŤçşżćäť¤,1
Houzz Interior Design Ideas,1
Kids Zoo,1
RoomBreak: Escape Now!!!,1
PicPlayPost,1
CNTV中国网络电视台,1
装腔指南 · iLifeStyle,1
Fly Guy,1
堆糖·画报,1
çş˘č˘ćˇťéŚĺĽłć§ĺ°čŻ´,1
"Booking.com Hotel reservations for 225,000+ hotels",1
Biorhythm 101,1
搞笑漫画日和,1
Pitch Bird,1
iGun Pro™ - The Original Gun Application,1
Roll Eggs HD Full,1
火车查询助手,1
Urban Ninja,1
PhotoAge – How Old Do You Really Look in that Picture?,1
Pixme-Self Portrait(Free),1
S.H.E - 酷我音乐,1
金山快盘,1
百合非诚勿扰,1
Autopilot Game,1
开心网(Kaixin),1
App Free,1
G3WLAN,1
Kana syllabary Pro,1
開心台灣麻將 Online,1
超级打砖块3,1
Rack Stare - The Sex Game,1
Fruit Link 2 Free,1
地铁中国-TouchChina,1
Xachi: Command Multiplayer,1
沃友,1
完美逃脱III,1
iSlash,1
Mahjong Link up,1
čç­ćĽč˝Ź10000ĺźŻ ĺč´š,1
Ghost's Revenge,1
ćĽé¨ćä¸ĺťç,1
银联手机支付大众版,1
DevilDark: The Fallen Kingdom,1
Beautiful hairstyle selection,1
Colosseum Heroes.,1
QQ安全中心,1
čžčŽŻććşçŽĄĺŽśďźĺQQććşçŽĄĺŽśďź,1
"Dongdong Mobile - Hotel, Flight, Train Search",1
Cut the Rope: Experiments HD,1
开心词场·超爽型背词工具,1
Firefly Hero HD Free,1
Sokr,1
微友-微博官方聊天客户端,1
äşçŹčŽ° - ćĺĽ˝ç¨çčŽ°äşćŹ,1
搜狐应用中心,1
工行手机银行,1
Topping Pro - Wallpaper Background HomeScreen App for iPhone,1
Punch Hero,1
Great MonkeyKing,1
Supermarket Management HD (Full),1
手机营业厅(移动流量话费余额查询),1
JailBreak Piggy!,1
装机必备,1
Nuts!™,1
格瓦拉@电影（全国选座购票及影讯）,1
StarMap 3D Plus,1
點球達人,1
QQ同步助手,1
QQVoice网络电话,1
Sad Princess,1
盗墓笔记,1
Alarm Clock Master Free,1
Dream Spirit-Entropy,1
Video Messenger for MSN,1
JiaYuan,1
iDownloader Pro Free - Universal Multifunctional Download Manager,1
Hit Tennis 2,1
Bacteria Killer,1
背单词free,1
Doodle Jump,1
Don't Touch My Pics FREE: Password protect HD/HQ images,1
CEMA Interpreter(To Japanese),1
十二星座老公说明书,1
Nosferatu - Run from the Sun,1
短信管家 表情文字,1
ćśćŻéé+,1
Jump and Fly,1
Anna's Magic Nail Salon,1
SmilePhoto Mobile,1
Ringtone Maker Pro (by Mobile17) - Unlimited free ringtone maker. Create ringtones!,1
放屁超人,1
FACEinHOLE: The amazing Photo Booth,1
RPS Classic,1
微格－新浪微博客户端,1
美容小常识,1
到家美食会,1
Protaskinote,1
Guitar In 21 Days,1
Youda Survivor,1
中国手机电视台 HD,1
UC浏览器HD,1
捕鱼大亨VIP版HD,1
疯狂的小狗,1
WeicoNote 纹章笔记,1
果庫 - 幫助你發現喜歡的商品,1
ZombieRunnerZ,1
TRENDS•时尚弥雅瑜伽,1
Sonic The Hedgehog 4™ Episode II Lite,1
Lock Photos: protect photos and videos hidden from other eyes,1
恋する教室～Love&Study～,1
Super Firecrackers,1
电驴影视大全,1
GoodReader for iPad,1
ĺ çłç˛žé,1
Stylish Sprint,1
Dream Zoo,1
Royal Trouble: Hidden Adventures,1
Madcoaster,1
YourPuzzle,1
Monster Village - Angry Monsters Farm,1
Touch Pets Cats,1
QQ Fruit Link,1
手机三国,1
搜狐微博 (搜狗输入版),1
Cat VS Dog--Free,1
Zombies Trap,1
豆瓣电影,1
专业拍客,1
Pat pat pets,1
Fishing Joy HD,1
çžĺĽłĺżč ĺŽć´ç,1
乐视影视HD,1
ĺç°čłçťĺ¸čŻäšŚĺ¨é,1
寵物餐廳 HD,1
Talking Ben the Dog,1
OConverter Pro,1
DOOORS - room escape game -,1
çĽäťéHD,1
ĺ¤éžä¸ç,1
礼拜六万年历,1
Train Conductor,1
Texas Poker,1
诛仙,1
ćçĺşç¨ä¸­ĺż,1
MyAppGo,1
ĺ°ćśäťŁ,1
Pirates vs Navy,1
Modern Combat 3: Fallen Nation,1
"美餐 - 找外卖,看菜单",1
Tiny FarmÂŽ,1
▻Sudoku +,1
阿里巴巴,1
High Noon,1
中国经典动画片,1
小米司机™,1
Tower Bloxx Deluxe 3D,1
省钱换汇(出国旅游留学必备),1
360省电王,1
Sheep Of Beach,1
天天靜聽lite,1
微博通 for iPhone,1
JangKeunSuk Official Application Lite,1
58ĺĺ,1
摄影教程 免费版,1
Call of Atlantis,1
čĄčąä¸ĺ˝ for iPad,1
Charadium II,1
Dragon Story™,1
Citrix Receiver.,1
çŽçŽĺĺâ˘çşŚäźäş¤ĺ(č),1
Zombies vs Ninja,1
Magic Tree by Com2uS,1
爱车无忧 交通罚款代办,1
Major Mayhem,1
捕龙达人,1
Wow Fish,1
动感101 iPhone版,1
Color Messages Pro,1
Amazing Fish,1
PPTVç˝çťçľč§ HD,1
Kingdom Rush,1
Photo in Word,1
名片碰碰,1
KakaoTalk Messenger,1
極速豬腩 (Speedy Pigs 中文版),1
漫享漫画之 馒头日记(全彩有声互动 中华原创),1
Slime vs. Mushroom2,1
QQ斗地主,1
ĺ¤Šććč˛ĺ§ĺäź,1
A Magic Paintbrush,1
10000+ Cheese Wallpaper HD & Retina Background,1
Sweet Shop,1
LINE Birzzle,1
淘宝优惠(淘宝返利)-省钱必备,1
神聊 ∣ 手机聊天室,1
Fwamu,1
VIDA,1
Roll Eggs HD,1
Sundae Ice Cream,1
安全管家,1
日语300句（完整版）,1
"Radio Alarm Clock Free-Listen to 50,000 stations from around the world!",1
搜道·秀,1
Hi电话备份,1
Fotolr Camera FX+,1
优米视频,1
BBQ Tycoon,1
War of Reproduction,1
PD -prope discoverer-,1
叙事曲CHS for iPhone,1
Bug Village HD,1
"订餐小秘书-订餐厅,找美食,享优惠",1
《故事会》七年合集,1
eDrops Free,1
大咔 - 视频社交,1
"美妆-即使再忙,也要美丽!",1
QQ阅读 HD,1
é˛¤éąźčˇłéžé¨,1
FireWorks Ninja,1
鲤鱼跳龙门,1
Virtual Lighter Seasons,1
汽车之家论坛iPhone版,1
中华会计网校,1
用药助手,1
Burger Queen World,1
Frhelper 法语助手,1
健康宝宝,1
SPY mouse HD,1
imo instant messenger,1
360ććşĺŤĺŁŤ,1
Boost 2,1
2Do: Tasks Done in Style,1
K到爆,1
Funny Dice Lite,1
Q Pang,1
The Treasures of Montezuma 2,1
美食杰-家常菜谱大全,1
Commander Compass Lite,1
Awakening: The Dreamless Castle,1
Slots by Zynga,1
7ĺ¤Ščżééĺş,1
ććşéĺŁ°(ĺč´šç),1
Supremacy Wars HD,1
ChatON,1
点点-最好用的手机博客工具,1
仙女娃娃,1
美甲达人,1
Snoopy’s Street Fair,1
三国五子棋,1
Roll Your Dice HD,1
TV Show tracker,1
Bamboo Flute Pro,1
悠玩双扣,1
拉卡拉,1
ĺŻľçŠé¤ĺťł,1
百度搜索,1
Fruits Juice 2,1
招商智远,1
AAA Phone Tracker,1
Zen Shift,1
新版眼保健操,1
Kings Empire(Deluxe),1
360电池医生,1
ListenBuddha,1
一起来捡钱,1
Best Battery Manager Pro,1
101-in-1 Games !,1
Eenies™ at War: Worms style online mmo battle with angry birds feel,1
身边美食电影 - NiceDay精彩生活,1
英语句子达人,1
私密答-情感心理问答,1
Tiny Places,1
超级竞速 (Sports Car Challenge),1
美妆买手-化妆品比价购买,1
-KingdomConquest-,1
新浪彩票™,1
Flying G-girl,1
酒店达人,1
超可爱免费计算器,1
7HE CODE,1
Supermarket Mania® 2 (Full),1
猫扑 • 百读不倦 Mop,1
Mystic Fish Puzzle GameBox,1
^o^ Fire Ball ^o^,1
Richman 4 fun,1
ćŹ˘äšäşäşşéşťĺ°,1
iFlyDictation,1
Towers N' Trolls HD,1
搞笑漫画日和 中文,1
Diner Dash: Grilling Green Deluxe,1
Super English 3,1
Get you a Chinese name and beautiful handwritten signature,1
一本道之少女の搏戰,1
百度视频 手机版,1
Secret Photo+Folder Free,1
Cool Race Free by Top Free Games,1
12星座人性攻略-精辟剖析众星座的经典性格,1
iGoBeat HD,1
"算命占卜精品-周易预测大师,日常问卦问事的必备工具",1
POCOçžäşşç¸ćş,1
Gold Miner②,1
The Little Match Girl - Interactive Book iBigToy,1
ABCćľčŻĺ¤§ĺ¨ éćĽç,1
GoNinja,1
北京移动服务（官方）,1
CrossWorlds: the Flying City,1
Podcasts,1
ring.tones,1
漫画大全每天更新,1
IQ Test FREE,1
Skype | tom.com,1
iHandy Translator Pro,1
Jetpack Handyman,1
京东商城,1
RabbitJourney,1
čččĄHDââćˇĺŽç˛žéďźĺžŽĺćśĺ°,1
Demolish,1
天气通HD,1
姓名测算新版-更专业、更齐全的姓名占卜,1
Crazy Kangaroo,1
酷应用 - 限时免费精品+装机必备推荐,1
广发银行移动银行 HD,1
LINEで顔文字,1
éćˇĺŽ-ĺŁč˘č´­çŠ ĺç°ćĺ,1
Maestro: Music of Death Collector's Edition HD,1
Eye-Fi,1
小羊总动员 之 媚影危机,1
快乐孕期-40周全程呵护,1
City Defense 2,1
Nano Panda by RenRen,1
ćçčžĺĽćż,1
FaceFighter Ultimate,1
éşťéé¤¨ - čˇéŚŹäť,1
逃出速8酒店(车内逃脱3外传),1
Girls' Generation SHAKE,1
Bamboo Flute Lite,1
Kik Messenger,1
Vampire Stories Plus,1
NinJump - HD,1
LuberPlayer,1
凤凰电台,1
酷听（有声书城）-央广之声,1
Zombie Gunship,1
Big Time Gangsta,1
SAMURAI BLOODSHOW+,1
Puzzle of Sango - Link Link,1
Video Downloader Super Lite,1
万国教育,1
Money Story Book Lite,1
玩漫 鬼吹燈 龍之封印,1
Horse Racing Winner 3D,1
你唱我猜,1
ćä¸­ĺ¤ŠćśŻ(ĺŽćšç),1
Champions League Fantasy Football,1
酷云阅读-给你最想看的新闻资讯,1
一生必读的35本智慧书,1
丁丁优惠,1
Nike+ Running,1
Excel三国杀,1
Ace Find the Difference,1
满座团购-随时随地优享好生活,1
Monster Trucks Nitro,1
Valentine's Day 2012: 14 best free apps for your love,1
全国实时影讯信息(布丁电影),1
çŻçĺĄŤĺ­,1
QQĺĺş,1
Developers' Tools,1
美麗新世界,1
美图贴贴,1
ćć¸¸ćťçĽ,1
"VPN Express - Anonymous & secure web browsing, Access blocked websites, Unblock VOIP & TV Shows, Bypass any internet restrictions in seconds!",1
日语语法复习资料,1
Juggernaut: Revenge of Sovering.,1
ćçč§é˘ éŤć¸,1
Apex Of The Racing,1
吹糖人,1
逗溜网,1
Fotoable,1
Sky Gamblers: Rise Of Glory,1
何幼旋：愛‧甜點 (Rita Ho: Desserts with Love),1
Super English 1,1
Super English 4,1
FriendCaller,1
Google Translate,1
Sing Something the Game,1
Safeguard Free,1
Bear Hospital,1
瑞星安全助手,1
麦包包,1
Weico HD - 微博客户端,1
Galaxy Empire,1
宽带山论坛,1
Dream PetHouse,1
Angry Gran,1
Firedance Panda HD,1
好孕,1
Pig Me Up,1
Pool,1
Beat The Egg,1
Juice Factory - The Original,1
Sprinkle: Water splashing fire fighting fun!,1
百度文库,1
Flipboard: 您的随身社交杂志,1
Diner Dash: Grilling Green,1
懒人记事 - 听得懂的记事提醒工具,1
Little Fox Music Box – Kids songs – Sing along,1
Hambo,1
超可爱计算器,1
Million Dollar Quest: hidden object adventure HD Lite,1
light,1
App123,1
New World Colony,1
360浏览器HD,1
Monster Tamer,1
减肥小秘书,1
"""Free Music Downloader"" (download/play)",1
Lock My Folder - Killer photo and video privacy for your iPhone!,1
"美容大王之達人寶典, 時尚聖經, 美女必備, 護膚\底妝\彩妝\美發\香水各類化妝品一網打盡",1
Cleopatra's Pyramid,1
咕嘟妈咪－搜索中国美食,1
Coin Dropper Dodo Bird,1
Ringtone Maker (by Mobile17) - Unlimited free ringtone maker. Create ringtones!,1
StarBunker:Guardians2 HD,1
美刻(meike),1
Hotel Dash: Suite Success Deluxe,1
金刚经说什么 - 南怀瑾,1
天籁之音－放松、睡眠、减压、工作,1
Great Little War Game,1
ä¸­ĺ˝ćąçćĺ - ćĺŤéŁĺĺŽĺ¨ ĺźşĺŁŽä¸­ĺ˝äşş,1
Merry Link for iPhone,1
Golden Land,1
iOil,1
Coola-Sudoku,1
Coin Push FREE,1
ĺŽ çŠç˛žçľ,1
百度知道,1
ĺ˝ŠčšĺŹäş¤[ćĽčŻ˘ĺŹäş¤ĺ°é|ćĽć¤ćĺľ|ćĽĺ¤ç­č˝Ś],1
张国荣,1
Dungeon Defenders: Second Wave,1
Burnout™ CRASH!,1
Angry King Kong Deluxe,1
FIFA 12 by EA SPORTS for iPad,1
Stress Check Pro by Azumio,1
ćźŤçťć é,1
äżç˝ćŻćšĺďźçťĺ¸ĺĺż,1
ć˘Śč­č,1
快速问医生,1
QQ闹钟,1
天朝教育委员会-HD,1
别忘单词,1
čäźć ,1
离婚成本计算,1
Piyo Blocks 2,1
Crazy Shops,1
奇迹背单词,1
EmojiđđđIcons Free - Best Emoji App,1
Dream League Soccer,1
安驾电子狗,1
CSMania Reloaded - Clay Shooter Mania Reloaded,1
Feed That Dragon HD FREE,1
Pet Home,1
雷锋日记,1
Barcode KANOJO for iPhone,1
čĄčéĺ¤§ĺ¨,1
乐都特中国,1
掌握房价,1
Battle Nations,1
麦当劳免打印优惠券(官方授权),1
盒子支付,1
祈福愿功德版,1
麦当劳肯德基优惠券,1
Encryption Album Pro,1
GAMEBOX 1,1
Chicken Alarm by SimSimi,1
Piano Hero,1
太平洋电脑网,1
Edge,1
夫妻性健康 627条 免费,1
ĺ¤Šććč˛ĺ§ĺäź LITE,1
黄金矿工 免费,1
三国来了,1
携程无线-机票.酒店.旅游.火车票.点评.门票.特价.航班,1
脉可寻－云端名片识别,1
飞常准－PRO,1
QQImage,1
ä¸ĺ˝ĺżONLINE(ä¸­ĺ˝ç),1
Cut the Buttons,1
开心X世界,1
LINEă§éĄćĺ­,1
司机秘书,1
智通人才网,1
Fishing Life,1
US daily english,1
1945-Air Combat,1
Fashion Design World,1
最伟大的100个奢侈品,1
Crystal War,1
唐生大地震 - 秘密之地下室,1
段子每日精选,1
Bamboo Wallet,1
Robber Rabbits!,1
Smart Office 2,1
Superimpose,1
Cross Fingers,1
Pocket Pond 2,1
ç˝ćĺşç¨ä¸­ĺż-éćśĺč´šć¨č,1
百人牛牛,1
鬼吹灯全集(有声),1
Shark Dash FREE,1
远征军,1
二手车,1
ĺ¤Šĺ¤Šĺ¨ĺŹ - ĺĽ˝éłč´¨,1
JJćŻčľ,1
Flower Garden Free - Grow Flowers and Send Bouquets,1
起床资讯闹钟,1
美图心情,1
Fairway Solitaire by Big Fish,1
Bug Control,1
New Radio,1
左右腦實驗室 II,1
QQPlayer,1
EZ Group SMS,1
深圳天气,1
Fake Call,1
北京青年周刊iPhone版,1
Youni(有你),1
Flava™ - Save All Moments!,1
QQć˘Śćłĺ,1
The Karate Kid,1
ä¸ĺ¨ćżčč°ą,1
战国,1
"佛经梵音-听佛音,赏佛像,身心宁静",1
e动交行 – 交通银行新一代手机银行,1
我爱烘焙,1
盛名列车时刻,1
迅雷看看 HD,1
Capsule vs. Virus,1
Delicious - Emily's True Love - Lite,1
基础体温管理 - 备孕贴心助手,1
买火车票 - 12306 专业版,1
The Sims™ 免费版,1
Halloween Lock Screen,1
USB Diskâ˘,1
Plastic Surgery Simulator,1
111 rocket,1
枪火兄弟连,1
微博收音机,1
短趣,1
the Sheeps,1
汉字区位码,1
PDF Reader - iPhone Edition,1
ćˇĺŽĺ˝ŠçĽ¨,1
Birzzle Pandora HD,1
Tower Defence: Lost Earth Guide,1
IQ权威测试HD,1
"Talk To Do Free-You talk, I remind (Easy Voice Reminder)",1
Island Empire(Deluxe),1
Weicoďź,1
黄金岛斗地主,1
Demolition Master: Project Implode All,1
深圳市市民主页,1
éťçéäşş,1
JJ比赛,1
Extreme Road Trip,1
限时免费大师,1
Sleepy-time Boyfriend -Every weekday CD ver.-,1
Galaxy Empire(Deluxe),1
