得脉,31
only-self,12
Mew call,5
猫言猫语,4
VANCL,3
淘宝,2
赛赛PK-精致生活，随心分享,2
新浪微盘 - 新浪官方出品,2
微博,2
360手机卫士,2
最后的兔纸,2
招商卡惠,2
西游歪传,1
PPS影音,1
佛经佛音大全 免费版,1
ĺžŽĺ,1
Laifudao Jokes（Update everyday）,1
Here,1
乐动达人之冬季恋歌,1
ĺŽ çŠçäşş,1
云笔记 - 最好用的记事本,1
指阅,1
Wi-Fi免费通,1
Findname,1
涨乐理财,1
百思不得姐,1
朋友定位-足迹迷,1
çąćĺŽ˘,1
Zoo World,1
Talking Tom Cat 2,1
《男人装》11月号,1
Hot&Spicy,1
QQ农场,1
"日语翻译官—日本,出国,旅游",1
魔導紀元,1
双色球宝典,1
Calendars - Google Calendar client,1
Tank Hero Lite,1
卡包卡包,1
ZAKER 最流行阅读软件,1
Mini Motor Racing,1
LoverTracker,1
乐斗派,1
Awesome SpeedDial (+Group),1
动物连连看-海洋版,1
iHandy Translator Free,1
挖财记账理财 Pro (HD for iPad),1
4 Elements HD (Premium),1
ZENONIA® 4,1
淘个便宜货,1
Bump,1
鲜果联播 for iPhone,1
Pet Inn,1
旅游攻略,1
經典美食,1
骑士战争,1
"Phone Drive (File Sharing, WiFi FlashDrive & Document Reader)",1
网易新闻,1
触宝智能拨号,1
Translation Catalog:Hello Translator,1
万神之怒 EX,1
SimSimi,1
Siege Hero,1
新黄金矿工:加勒比宝藏,1
殭屍農場,1
QQ 2012,1
爱买-团购导航，支付,1
联讯读报 联讯毕读,1
Fantasy Town,1
經典鐘錶,1
导航犬2011,1
挖财记账理财,1
BoyAhoy Gay Chat,1
百度百科,1
Human-to-Cat Translator,1
Finger Trouble HD,1
乐动达人2012,1
Wunderlist,1
GT Racing: Motor Academy Free+™,1
一起来捡钱 免费版,1
Village TD,1
Spy Eye Lite - Secret Camera & Record,1
ĺžč,1
宝石浏览器,1
WeChat!,1
这里 - 城市生活指南,1
Sparrow,1
日历,1
ĺŽĺąĺŽ˘ äşććż,1
360云盘,1
Third Blade Free,1
搜狐视频 高清,1
宠蜜,1
360 Video Panorama,1
