捕龙达人,57
only-self,8
Apocalypse Knights - Endless Fighting with Blessed Weapons and Sacred Steeds,6
Zoo World,5
鲤鱼跳龙门,5
Zombie Hunting,4
PPS影音,3
射雕英雄传之小破孩,3
愤怒的金刚,3
龙之力量,3
神的指意,3
熊猫打僵尸,3
最后的兔纸,3
小小忍者猫  精简版,3
Brutal Street,3
一起来捡钱 免费版,3
Samurai vs Zombies Defense,3
天朝教育委员会 LITE,3
Journey to the West Slot,3
Mew call,2
优酷,2
eReader by ZuiKong.com,2
TankForce!,2
Leaping Fish,2
热门壁纸,2
Mole's World,2
食神摇摇,2
疯狂的棺材,2
Fruit Ninja Free,2
Brain Lab II,2
Super Mushrooms,2
Ice Age Village,2
Gold Crown™ Video Poker,2
百人牛牛,2
Monster Shooter: The Lost Levels,2
Kawaii Assistant,2
Talking Ben the Dog,1
Tom's Love Letters,1
逆轉三國,1
Inotia 4 PLUS,1
Gemz for iPhone,1
超级刮刮乐,1
神仙道HD,1
DIII Guide - Game Guide for Diablo 3,1
Asphalt 7: Heat,1
iGun Pro™ - The Original Gun Application,1
Zombie HQ,1
软件游戏猎手-精品海量限时免费,1
Tiny Farm®,1
远古侵袭,1
Spot Venture Plus,1
搜狐新闻,1
Eenies™,1
Fishing Stars,1
愚者与智者48个差距(精编),1
Gang Domination,1
Mole Kart 1,1
口袋战争：魔界勇士 中文版,1
Toy Defense,1
FANTASYxRUNNERS,1
百思不得姐,1
妈呀！怪兽,1
Spot The Differences - Select,1
Final Fury,1
Six-Guns,1
PPTV网络电视 HD,1
AstroWings3 - ICARUS,1
Talking Tom Cat 2,1
CSR Racing,1
淘宝,1
新浪微盘 - 新浪官方出品,1
限时免费大全,1
Slots™,1
Inotia 3: Children of Carnia,1
ćéžčžžäşş,1
"Leisure Factory:Sex,love and Laughter",1
äšäšéąźčäźOnline,1
Infinity Quest,1
Tower Defense®,1
脑筋急转10000弯 PK版,1
Star Warfare:Alien Invasion,1
Hero of Magic,1
Dungeon Hunter 3,1
Jaws™ Revenge,1
"美团团购-优惠,美食,美酒,电影票,团购",1
天天动听 - 好音质,1
火花电视剧 - 最新最全的电视剧,1
Battery Doctor +,1
酷我音乐 2012,1
Talking Gina the Giraffe,1
宠物猎人,1
Heart Breaker : Sniper,1
触宝智能拨号,1
美女忍者 完整版,1
SoulCraft,1
宠物精灵,1
24节气养生,1
Sanlitun,1
怪物大作战,1
QQ 2012,1
Same Stars HD,1
Fish Hunter - All Blue Sea,1
唱吧 - 你的手机KTV,1
咔咔嘭之动物切切切,1
Demon Busters,1
捕鱼日志II,1
Wow Fish,1
TheEndApp,1
Grab Money Slots,1
Lil' Kingdom,1
iBooks,1
ElectronBase,1
Sango Millionaire,1
Asphalt 6: Adrenaline FREE,1
夫妻床头话,1
反恐突击队 Gun Strike,1
点滴 - 全新移动私密社区,1
轻笔记,1
限时免费专业版 HD,1
360安全通讯录-拨号必备,1
Horse Racing Winner 3D,1
Smart Office 2,1
Cat VS Dog--Free,1
Swing Shot,1
魔導紀元,1
自选股,1
SunnyPuppies,1
Epic War TD Pro,1
Between - An intimate space for two,1
Crazy Shops,1
Anthill,1
Zynga Slots,1
Third Blade Free,1
