星际防御战,231
only-self,44
微博 HD,19
Mole's World,18
Dungeon Hunter 3,12
墨迹天气HD,12
三国塔防 - 魏传,10
开心水族箱,9
Ice Age Village,9
挖财记账理财,9
卡惠,8
PPTV网络电视 HD,8
Battery Doctor HD,8
限时免费专业版 HD,8
PPS影音,7
Sango Millionaire,7
Six-Guns,7
Draw Something Free,6
新浪微盘 - 新浪官方出品,6
有信-免费电话,6
优股雷达,6
Hero of Magic,6
Smurfs' Village,6
IQ权威测试HD,6
杀手,6
Spot Venture Plus,5
三国征途,5
Fishing Kings Free+,5
Asphalt 6: Adrenaline HD,5
Monster Shooter: The Lost Levels,5
Let's Spot It! PRO HD,5
Smart Office 2,5
Brothers In Arms® 2: Global Front Free+,5
腾讯视频HD,5
天朝教育委员会-HD LITE,5
Toy Defense,4
QQ HD 2011,4
限时免费HD,4
Zombie Hunting,4
SweetCam,4
Firedance Panda HD,4
旅游攻略 HD,4
亿部书城,4
Infinity Blade II,4
Roll Your Dice HD,4
StarBunker:Guardians2 HD,4
Battery Doctor +,4
MetalStorm: Wingman,4
QQ 2012,4
Virtual City Playground HD,4
掌上齐家,4
Where's My Water? Free,4
暴风影音HD,4
Youku HD,4
影视大全HD,4
Real Football 2012,4
大家来抢钱-2012HD,4
Sanlitun,4
高德导航HD Autonavi Navigation,4
百思不得姐,3
Asphalt 6: Adrenaline,3
酷我音乐 2012,3
口袋战争：魔界勇士HD中文版,3
Brutal Street,3
血之荣耀,3
Air Vacation,3
Samurai vs Zombies Defense,3
360浏览器HD,3
Mole Kart 1,3
TankForce!,3
腾讯微博,3
豆瓣FM for iPad,3
ZENONIA® 4,3
Japan Life,3
Where's My Water?,3
Glorious Quest HD,3
EPOCH.,3
宠物猎人,3
求合体 HD,3
Cut the Rope: Experiments HD,3
Gold Crown™ Video Poker HD,3
一起来捡钱 免费版,3
Small Street,3
Temple Run,3
火线指令,3
射雕英雄传之小破孩,2
正点闹钟,2
Alexandria Bloodshow　,2
Move the Box,2
My Sketch,2
Toy Defense HD Free,2
永恒战士,2
Ringtone Master,2
殭屍農場,2
Haypi Dragon,2
热门应用 for iPhone,2
Lil' Kingdom,2
Shake Spears! HD,2
高清影视大全,2
Infinity Blade,2
Let's Golf! ® 3,2
ChinaTaxi,2
QQ音乐HD,2
Kingdom Rush HD,2
热门应用,2
Cut the Rope HD Free,2
愤怒的金刚,2
探索世界未解之谜,2
Evernote,2
Escape The Ape,2
"Cool Wallpapers HD & Retina Free by Kappboom™ for iPhone,iPod,iPad",2
Final Fury,2
EMPIRE WAR for iPad,2
TowerMadness HD,2
Tui-Find great apps earlier,2
Cradle of Rome 2 HD,2
US daily english,2
Office Assistant Pro - Full-Featured Mobile Office Suite,2
Calculator for iPad Free.,2
姓名测试,2
博雅德州扑克 HD,2
Flight Tycoon™,2
唱吧 - 你的手机KTV,2
360云盘,2
Swing Shot,2
Epic War TD - iPad Edition,2
SunnyPuppies,2
天气通,2
Quicky Shopping List (Grocery List),2
幻想精灵,2
ZAKER,2
忍者无极,2
Towers N' Trolls HD,2
海豚浏览器,2
Super Mushrooms,2
"流量监测仪(瓦力流量仪—实时监控提醒,上网必备)",2
反恐突击队 Gun Strike,2
Angry King Kong HD,2
QQ浏览器HD,2
Men in Black 3,2
神仙道HD,2
逛淘宝-口袋购物 发现惊喜,2
亿部书城iPad版,2
网易新闻,2
探索世界未解之谜 HD,2
热门壁纸,2
UC浏览器HD,2
博雅斗地主HD(支持蓝牙),2
iSlash,2
奇迹之城,2
ćéé˛ĺžĄć,2
King's Empire,2
King of Math,2
Magic Zither,1
粤语达人 HD,1
淘宝,1
孕妇我最大,1
EMPIRE WAR,1
MobiSafe - Photo & Recording Privacy Safe,1
捕鱼大亨HD,1
Ruler Pad,1
口袋战争：魔界勇士 中文版,1
Machinarium,1
PDF Reader Pro,1
盗墓笔记系列有声小说第一部: 七星鲁王+怒海潜沙,1
Zoo World,1
Show Hand Poker For Pad,1
Flow Free,1
去哪吃,1
Let's Create! Pottery HD Lite,1
YOKA时尚网HD-引领高端时尚生活,1
中国经典动画片,1
文艺听(有声),1
Great Solitaire HD,1
ZAKER 最流行阅读软件,1
The Island - Castaway™ HD,1
一起来捡钱 HD 免费版,1
国民教育委员会,1
Dragon Flight,1
Tiny Zoo Friends,1
QQ梦想城,1
IM+ 中国版,1
马来西亚游记攻略,1
Daily Notes,1
QQ音乐,1
墨迹天气(官方),1
京东商城 HD,1
Magic 2013,1
天籁K歌 简体 HD,1
Weico HD - 微博客户端,1
Chinese Zombies vs Ninja,1
Zombies vs Ninja,1
Death Rally,1
Live TV HD(free),1
v笑林大会v,1
Converter Touch ~ Fastest Unit and Currency Converter,1
Zombie Ace,1
Mahjong(Arcade & Slots),1
Slotomania,1
Fruit Ninja HD,1
考研核心词汇free,1
蘑菇街HD——淘宝精选，微博时尚,1
Jetrats Defense,1
杀手: 僵尸之城,1
Extraction: Project Outbreak,1
Modern Conflict 2,1
Sonic & SEGA All-Stars Racing,1
暴走漫画 Orz,1
çžĺ˘ĺ˘č´­HD-äźć çľĺ˝ąçžéŁĺ¨ąäšććŁ,1
爱聊免费电话免费短信,1
淘身边--淘宝闲置物品交易平台,1
Apocalypse Knights - Endless Fighting with Blessed Weapons and Sacred Steeds,1
Journey to the West Slot,1
用毅力戒烟 (Quit Smoking with Willpower),1
妈呀！怪兽 HD,1
Real Strike - The Original 3D Augmented Reality FPS Gun App,1
Finger Magic Defence,1
Alarm Clock Pro,1
iSafePlay,1
Toy Defense HD,1
Hero Academy,1
酷狗音乐,1
Hello Angel,1
Hotel Mogul: Las Vegas HD,1
欧路词典 EuDic - 查词 翻译 百科 背单词 PDF阅读工具,1
内涵段子,1
梦幻海底连连看,1
Sweet Shop,1
Crazy Shops HD,1
Derby Days,1
Skyjos Reader,1
百度音乐,1
Puzzle of Sango - Link Link HD,1
Talking Tom & Ben News for iPad,1
Recorder Plus HD,1
Beat Hazard Ultra,1
Funny Sango TD,1
Third Blade,1
限时免费 360,1
Army of Darkness Defense HD,1
Drag the Rope HD,1
Camera360 Ultimate,1
指阅,1
GoNinja,1
NinJump Deluxe HD Free,1
MOLEHEART,1
装修掌中宝HD,1
邮编速查,1
eDrops Classic,1
足球天下2,1
AppZapp HD,1
植物大战僵尸图文手册,1
Nike Training Club (Chinese),1
LuberPlayerHD,1
War of Reproduction,1
Sophia Masquerade,1
Discovr Apps - discover new apps,1
Siege Hero HD,1
街头风云,1
Ghost Sniper : Zombie,1
Ace Find the Difference (Ultra HD),1
Epic War TD Pro - iPad Edition,1
减肥助理Moya,1
Cut the Rope HD,1
一生必读的12位西方哲人（12书，西方智慧全在此）mustread philosophers,1
Finger Shot RPG,1
Undead Attack Pinball HD - by Top Free Games: Mobjoy,1
触宝智能拨号,1
Fantasy Defense,1
Battle Frontier: The Adventures of Arthur,1
ćć,1
Youda Survivor HD,1
天尊灵符™HD,1
阿达连连看 便携HD,1
Mini Motor Racing HD,1
VOA News - 2011 Collection Lite,1
中华万年历-日历 农历 天气 节日 日程,1
有声小说(10000+每天更新),1
中文工具箱,1
Trees of Life HD,1
导航犬2011,1
Kings Empire(Deluxe),1
Contract Killer,1
i12306HD,1
Clock Pro HD Free,1
čąçŁFM for iPad,1
词频背考研,1
疯狂城堡,1
Heroes Call,1
Free Wi-Fi Finder,1
Swordigo,1
Aeronauts: Quake in the Sky,1
Inspector Gadget's MAD Dash,1
Beauty Find It,1
名片全能王免費版 – CamCard 名片辨識 名片管理 （中文繁簡英日韓）,1
麻將 明星3缺1 -16張,1
仙女娃娃,1
Beauty Find It HD,1
白金海盗,1
Elemental Knights Online,1
Tower Defense® HD,1
天朝教育委员会 LITE,1
O2Jam U - Ultimate Rhythm Action Game,1
三国五子棋,1
Fluff Friends Rescue ™,1
Bear Coin HD - Cooco Bear,1
éćśĺč´šä¸ä¸ç HD,1
战三国,1
Vgo高清影视,1
天才宝宝必玩116个智力游戏（上篇）-BabyBooks,1
百度地图,1
豆丁书房（HD）,1
愚者与智者48个差距(精编),1
傲世枭雄 ·飞流至尊版,1
Gravity 2.0,1
装腔指南 · iLifeStyle,1
软件游戏猎手-精品海量限时免费,1
停车大师 3D iPad版,1
火车订票助手 - 12306订票工具,1
前程无忧,1
Fragger Desert Strike,1
Talking Ben the Dog for iPad,1
Angry Birds Seasons,1
Battle Nations,1
超强 经期跟踪器（科学、准确、纠错）,1
Tellmenow,1
Hero's Way,1
免费全国交通违章查询HD,1
LANScan,1
ArcherCat,1
DOOO - To do,1
GuguRadio,1
ZAKER橱窗 - 最潮的时尚购物杂志,1
麦当劳肯德基优惠券,1
Comikon,1
涂鸦跳跃,1
Inotia 4,1
Angry Birds HD Free,1
乐斗派,1
Dream Dresses,1
微博,1
海豚浏览器HD,1
神的指意,1
Monster Village - Angry Monsters,1
火花电视剧 - 最新最全的电视剧,1
Heroes vs Monsters,1
Mole Kingdom,1
Alarm Clock Master HD Free,1
Mighty Monsters,1
Tiny Heroes,1
Fishing Joy,1
VLC Streamer,1
背单词free,1
手机铃声(免费版),1
Cyber Puzzle HD,1
漢語大字典,1
消息速递+,1
24节气养生,1
Princess PAJAMA for iPad,1
赶集生活,1
Line Birds HD,1
新黄金矿工:加勒比宝藏,1
Texas Holdem Poker,1
▻Sudoku,1
Diner Dash: Grilling Green Deluxe,1
CET4 Word Frequency List,1
三国志-孔明传,1
Adventure Island-Voice Control Free,1
Cut the Buttons,1
宝宝秀,1
iFighter 2: The Pacific 1942 by EpicForce,1
Where's My Perry?,1
QQ电影票(全国电影查询与优惠购票),1
食神摇摇,1
Roll Your Dice,1
Pen and Paper,1
大家来抢钱 高清版,1
PPTVç˝çťçľč§ HD,1
Pictures Mania HD 2,1
免费计算器,1
象棋王2,1
FIT™ 写字板 - 极速个人记事工具,1
CosmosCraft Luxury,1
Cross Fingers,1
Cut the Rope: Experiments HD Free,1
Neon Wars HD,1
自选股,1
Mega Run - Redford's Adventure,1
WeChat!,1
IKEA Catalogue,1
Cave Quest HD,1
Weather＋,1
Hotel Mogul: Las Vegas,1
词库 英语,1
Bongos - Dynamic Bongo Drums,1
Zynga Slots,1
SotA - Stele of the Ancients,1
印象摄影HD,1
joygo,1
决胜三国HD,1
Fashion Icon ©,1
Royal Envoy HD (Premium),1
Secret Photo+Folder,1
博雅四川麻将,1
小说快搜HD,1
企业与管理,1
Tiny Farm®,1
优酷,1
Fishing Stars HD,1
魔法岛主,1
Secret Photos - KYMS - Keep Your Media Safe (and secret),1
TightWire Adventures HD,1
帝王 · 飞流至尊版,1
Unblock My Car HD,1
《后宫·甄嬛传》修订典藏版（6本合集，三万字番外独家呈献）,1
Inotia 3: Children of Carnia,1
"Leisure Factory:Sex,love and Laughter",1
Simple Gas,1
网易云阅读,1
一站到底,1
迅雷看看 HD,1
Capsule vs. Virus,1
Island Empire,1
Around the World in 80 Days: The Game (Premium),1
China Air Pollution Index,1
旅游攻略,1
StarBunker:Guardians HD,1
中国手机电视台 HD,1
枪火兄弟连,1
Lair Defense: Shrine HD,1
Rescue City iPad Edition,1
Brain Lab II,1
红袖添香离线看,1
GoodReader for iPad,1
优众时尚HD,1
CamCard HD Free - The Professional Business Card Reader,1
Three Kingdoms TD - Legend of Shu,1
走遍美国移动课堂,1
Pirates vs Navy Deluxe,1
GPlayer,1
逃出速8酒店HD(车内逃脱3外传),1
"YY语音-听歌听课听直播,语音群聊随便说",1
AirDisk Pro - Wireless Flash Drive,1
AstroWings2 Plus : SPACE ODYSSEY,1
Free Music Ringtones,1
有道词典HD,1
宝贝全计划,1
Fish Hunter HD - All Blue Sea,1
条码比价,1
Three Kingdoms TD - Legend of Shu HD Lite,1
Cut Cut Photo Frames,1
专业拍客,1
Trainyard,1
十三支-神來也13支 HD,1
决战三国（hd）,1
Crystal Lines HD,1
Galaxy on Fire 2™,1
gay men's social network - Jack'd,1
Third Blade Free,1
维信.312,1
