only-self,26
最新郭德纲相声高清全集,26
Battery Doctor HD,3
绘声绘色金瓶梅,3
本能反应-视频版,2
Ice Age Village,2
Toy Defense HD Free,2
The Treasures of Montezuma 3 HD,2
微博 HD,2
Dungeon Hunter 3,2
古典音乐经典赏析,2
爱聊免费电话免费短信,1
去哪儿旅行 - 机票航班·酒店·火车票,1
茶亦有道HD,1
手机铃声(免费版),1
Solar Walk - 3D Solar System model,1
卡路里計算機,1
机器猫漫画-高清完整收藏版-儿童漫画,1
PPS影音,1
郭德纲于谦2012相声全集(2GB),1
彩虹流量 免费版 (上网流量压缩),1
Asphalt 7: Heat,1
Drawing Box,1
2012郭德纲相声最全(免费),1
茶亦有道,1
Pictures Mania HD 3,1
01 Kids Builder:Joy Preschool,1
高德导航HD Autonavi Navigation,1
Battery Doctor +,1
陌陌,1
糗事百科,1
快播,1
QQ 2012,1
Abs Booth,1
豆瓣FM for iPad,1
绘声绘色金瓶梅HD,1
Modern Combat 3: Fallen Nation,1
随手记专业版 for  iPad,1
Brutal Street,1
Japan Life,1
Spot Venture Plus,1
WeChat!,1
微博,1
古典音乐经典赏析HD,1
随手记专业版 for iPhone,1
雄霸天地(简体版),1
中华相声大系,1
Where's My Water?,1
格瓦拉@电影（全国选座购票及影讯）,1
Fruit Ninja HD,1
Where's My Perry?,1
Cut the Rope HD,1
Mole's World,1
天朝教育委员会 LITE,1
有声情爱经典,1
Air Mail™,1
逃出速8酒店HD(车内逃脱3外传),1
IQ权威测试HD,1
斗破苍穹,1
Move the Box,1
一起来捡钱 免费版,1
Smurfs' Village,1
Zoo World,1
Youku HD,1
Cut the Rope: Experiments HD,1
01 Kids Builder! Joy Preschool,1
05.03我叫郭德纲（专场）,1
PPTV网络电视 HD,1
Office Assistant Pro - Full-Featured Mobile Office Suite,1
Spy Cams,1
