美食杰(龙年离线版)家常菜谱大全,47
only-self,13
美食杰-家常菜谱大全,5
优酷,4
Battery Doctor +,4
PPS影音,3
淘宝,3
百思不得姐,3
QQ音乐,3
酷我音乐 2012,3
手机铃声(免费版),3
Sanlitun,3
"流量监测仪(瓦力流量仪—实时监控提醒,上网必备)",3
美食天下,2
Fruit Ninja,2
下厨房菜谱,2
iGoBeat Mini,2
Wide Angle Len Camera,2
乐猫彩票,2
微博,2
Fishing Joy,2
Sango Millionaire,2
çžéŁć°(éžĺš´çŚťçşżç)ĺŽśĺ¸¸čč°ąĺ¤§ĺ¨,2
QQ 2012,2
有信-免费电话,2
专业拍客,2
DreamWorks Dragons: TapDragonDrop,1
内涵段子,1
三国征途,1
EXTrace,1
AllRingtone,1
ZENONIA® 4,1
Monster Island,1
淘真货-天猫淘宝正品精选，潮男美女的个性时尚购物商城,1
Toon Face Maker,1
经典签名设计,1
开心水族箱,1
淘宝优惠(淘宝返利)-省钱必备,1
éĺąąčŁćşĺżĺ¤ - ćŻĺ¤Šć¨čéćśĺč´š&čŁćşĺżĺ¤ĺşç¨,1
万年历,1
Mew call,1
征服美女来找茬,1
Tom Loves Angela,1
EMPIRE WAR,1
Path,1
饿了么,1
百度搜索,1
Best Weather,1
搜狐新闻,1
天气通,1
iGroup SMS Pro,1
愤怒的金刚,1
Dragon Spring,1
微博 HD,1
Spot The Differences - Select,1
篮球报,1
飞机火车正晚点查询,1
UC浏览器iPhone版,1
iHandy Flashlight Free,1
360照片保险箱,1
Weico Pro,1
中国求生手册 - 捍卫食品安全 强壮中国人,1
Evernote,1
亿部书城,1
Galaxy on Fire 2™ HD,1
限时免费大全,1
8684公交－全国公交地铁免费离线查询,1
Small Street,1
挖段子 - 每日极品笑话，笑死人不偿命,1
ĺĽ˝ç§ç§ćż,1
ĺ˘¨čżšĺ¤Šć°(ĺŽćš),1
新版标准日本语移动课堂（初级上、下册）,1
回首二维码,1
Inotia 3: Children of Carnia,1
美语听力闹钟,1
7Days Deep Sleep,1
高德导航HD Autonavi Navigation,1
FIT Memo （Todo + Reminder）,1
火车票一点通,1
Next Day,1
ZAKER 最流行阅读软件,1
Bond‘s DevilVideo—a secret video camera —developed for 007！,1
Star Warfare:Alien Invasion,1
愤怒的大树,1
Temple Run,1
Plants vs. Zombies HD,1
WorldScan,1
i12306,1
UsbMouse,1
地铁中国-TouchChina,1
热门壁纸,1
火花电视剧 - 最新最全的电视剧,1
Converter Touch ~ Fastest Unit and Currency Converter,1
Mole's World,1
淘宝旅行,1
内涵漫画（精编版）,1
糗事百科,1
Real Football 2012,1
Qzone,1
心术蜗居-六六小说合集,1
明朝那些事儿全集,1
墨迹天气(官方),1
生活日历,1
Tiny Journey,1
Autohome,1
音悦台,1
网易新闻,1
漢語大字典,1
疯狂的棺材,1
脑筋急转10000弯 免费,1
ćˇĺŽ,1
CallerLoc,1
SimSimi,1
啊!火箭,1
Princess Camera,1
新黄金矿工:加勒比宝藏,1
大剧院·古典,1
红袖添香离线看,1
汽车之家论坛iPhone版,1
iHandy Calculator HD Pro,1
IM+ Pro,1
Japan Life,1
用药助手,1
Fish Off - Multiplayer Battle,1
極速豬腩 (Speedy Pigs 中文版),1
My Town 2,1
活动汇-同城活动大全,1
享旅游 Tripo,1
真心话大冒险,1
导航犬2011,1
挖财记账理财,1
天天家常菜,1
Fibble HD,1
Boost 2,1
QQ电影票(全国电影查询与优惠购票),1
Mapbar Navi,1
快递100-免费查快递,1
"iSafeBox - Password Protect Your Photos, Accounts, Etc",1
Ice Age Village,1
免费应用汇,1
健康闹钟,1
Pig Shot,1
网易应用中心-限时免费推荐,1
The Treasures of Montezuma 3,1
微格Pro-新浪微博客户端,1
爱聊免费电话免费短信,1
口头交际王,1
优股雷达,1
美团团购-优惠美食美酒电影团购,1
手机QQ浏览器,1
爱帮公交,1
100 Floors,1
hao网址大全,1
拼音100分,1
Bamboo Wallet,1
Bacteria Killer,1
【有声】365夜童话故事,1
减肥小秘书,1
Angry Piggy™,1
The BOX.,1
Flipboard: 您的随身社交杂志,1
掌上齐家,1
一起来捡钱 免费版,1
多米音乐.,1
小龙吟,1
Douban.fm,1
Contact Small Avatar - Full Version,1
Swing Shot,1
Gold Crown™ Video Poker,1
农行手机银行,1
The Oregon Trail: American Settler,1
QQ音乐HD,1
天朝教育委员会-HD,1
Podcasts,1
iSafePlay,1
别忘单词,1
Let's Spot It! PRO,1
雄霸天地(简体版),1
仙劍奇俠傳5 - 劍傲丹楓,1
çžĺĽłĺżč ĺŽć´ç,1
中华万年历-日历 农历 天气 节日 日程,1
天朝教育委员会 LITE,1
街旁 - Jiepang,1
Hello Angel,1
Super Gift Card Reward Plus,1
Pocket Check-Up,1
Flashlight! ®,1
AppLens icon scanner,1
soso搜索,1
